<?xml version="1.0" encoding="UTF-8"?>
<beans xmlns="http://www.springframework.org/schema/beans"
	xmlns:xsi="http://www.w3.org/2001/XMLSchema-instance"
	xsi:schemaLocation="http://www.springframework.org/schema/beans http://www.springframework.org/schema/beans/spring-beans.xsd">

	<bean class="propertyeditor.DateExample">
		<property name="date" value="02.01.2001" />
	</bean>

	<bean id="conversionService"
		class="org.springframework.context.support.ConversionServiceFactoryBean">
		<property name="converters">
			<list>
				<bean class="conversionservice.StringToDateConverter"></bean>
			</list>
		</property>
	</bean>

</beans>
