<?xml version="1.0" encoding="UTF-8"?>
<beans xmlns="http://www.springframework.org/schema/beans"
	xmlns:xsi="http://www.w3.org/2001/XMLSchema-instance"
	xsi:schemaLocation="http://www.springframework.org/schema/beans http://www.springframework.org/schema/beans/spring-beans.xsd">

	<bean name="eineBean" class="komplexetypen.EineBean">
		<property name="list">
			<list value-type="java.lang.Integer">
				<value>18</value>
				<value>42</value>
			</list>
		</property>
		<property name="map">
			<map>
				<entry key="schluessel" value="wert" />
				<entry key="nullString">
					<null />
				</entry>
				<entry>
					<key>
						<value>schluessel2</value>
					</key>
					<value>wert2</value>
				</entry>
				<entry key="einKey" value-ref="eineBean" />
				<entry key-ref="eineBean">
					<bean class="java.lang.String" />
				</entry>
			</map>
		</property>
		<property name="properties">
			<props>
				<prop key="einString">0</prop>
				<prop key="nochEinString">1</prop>
			</props>
		</property>
	</bean>


</beans>
