<?xml version="1.0" encoding="UTF-8"?>

<beans xmlns="http://www.springframework.org/schema/beans"
	xmlns:xsi="http://www.w3.org/2001/XMLSchema-instance"
	xsi:schemaLocation="http://www.springframework.org/schema/beans http://www.springframework.org/schema/beans/spring-beans.xsd">

	<bean id="eagerBean" class="lazyinit.EagerBean" />

	<bean id="lazyBean" class="lazyinit.LazyBean" lazy-init="true"/>

	<bean 
		class="org.springframework.aop.framework.autoproxy.BeanNameAutoProxyCreator">
		<property name="customTargetSourceCreators">
			<list>
				<bean 
					class="org.springframework.aop.framework.autoproxy.target.LazyInitTargetSourceCreator"/>
			</list>
		</property>
		<property name="beanNames">
			<list>
				<value>*</value>
			</list>
		</property>
	</bean>
</beans>