<?xml version="1.0" encoding="UTF-8"?>

<beans xmlns="http://www.springframework.org/schema/beans"
	xmlns:xsi="http://www.w3.org/2001/XMLSchema-instance"
	xsi:schemaLocation="http://www.springframework.org/schema/beans http://www.springframework.org/schema/beans/spring-beans.xsd"
	default-merge="true">

	<bean id="abstrakt" abstract="true" class="merge.MergeDemo">
		<property name="list">
			<list>
				<value>Wert</value>
				<value>Noch ein Wert</value>
			</list>
		</property>
	</bean>

	<bean id="childOhneMerge" parent="abstrakt">
		<property name="list">
			<list merge="false">
				<value>Einziger Wert</value>
			</list>
		</property>

	</bean>

	<bean id="childMitMerge" parent="abstrakt">
		<property name="list">
			<list merge="true">
				<value>hinzugefuegter Wert</value>
			</list>
		</property>
	</bean>

</beans>
