<?xml version="1.0" encoding="UTF-8"?>
<beans xmlns="http://www.springframework.org/schema/beans"
	xmlns:xsi="http://www.w3.org/2001/XMLSchema-instance"
	xsi:schemaLocation="http://www.springframework.org/schema/beans http://www.springframework.org/schema/beans/spring-beans.xsd">

	<bean class="org.springframework.beans.factory.config.CustomEditorConfigurer">
		<property name="propertyEditorRegistrars">
			<bean class="propertyeditor.DatePropertyEditorRegistrar" />
		</property>
	</bean>
	<bean class="propertyeditor.DateExample">
		<property name="date" value="02.01.2001" />
	</bean>

</beans>
