<?xml version="1.0" encoding="UTF-8"?>
<!DOCTYPE beans PUBLIC "-//SPRING//DTD BEAN//EN" "http://www.springframework.org/dtd/spring-beans-2.0.dtd">

<beans>

	<bean id="kundeDAO"
		class="org.springframework.remoting.jaxrpc.JaxRpcPortProxyFactoryBean">
		<property name="serviceInterface" value="dao.IKundeDAO" />
		<property name="wsdlDocumentUrl"
			value="http://localhost:8080/remoting/axis/KundeDAO?WSDL" />
		<property name="namespaceUri"
			value="http://localhost:8080/remoting/axis/KundeDAO" />
		<property name="serviceName" value="AxisKundeDAOService" />
		<property name="portName" value="KundeDAO" />
		<property name="servicePostProcessors">
			<list>
				<bean class="axis.BeanMappingPostProcessor" />
			</list>
		</property>
	</bean>

	<bean id="wareDAO"
		class="org.springframework.remoting.jaxrpc.JaxRpcPortProxyFactoryBean">
		<property name="serviceInterface" value="dao.IWareDAO" />
		<property name="wsdlDocumentUrl"
			value="http://localhost:8080/remoting/axis/WareDAO?WSDL" />
		<property name="namespaceUri"
			value="http://localhost:8080/remoting/axis/WareDAO" />
		<property name="serviceName" value="AxisWareDAOService" />
		<property name="portName" value="WareDAO" />
		<property name="servicePostProcessors">
			<list>
				<bean class="axis.BeanMappingPostProcessor" />
			</list>
		</property>
	</bean>

	<bean id="bestellungDAO"
		class="axis.AxisBestellungDAOClientAdapter">
		<property name="axisBestellungDAO" ref="bestellungDAOTarget" />
	</bean>

	<bean id="bestellungDAOTarget"
		class="org.springframework.remoting.jaxrpc.JaxRpcPortProxyFactoryBean">
		<property name="serviceInterface"
			value="axis.IAxisBestellungDAO" />
		<property name="wsdlDocumentUrl"
			value="http://localhost:8080/remoting/axis/BestellungDAO?WSDL" />
		<property name="namespaceUri"
			value="http://localhost:8080/remoting/axis/BestellungDAO" />
		<property name="serviceName" value="AxisBestellungDAOService" />
		<property name="portName" value="BestellungDAO" />
		<property name="servicePostProcessors">
			<list>
				<bean class="axis.BeanMappingPostProcessor" />
			</list>
		</property>
	</bean>

	<bean id="bestellung"
		class="org.springframework.remoting.jaxrpc.JaxRpcPortProxyFactoryBean">
		<property name="serviceInterface"
			value="businessprocess.IBestellungBusinessProcess" />
		<property name="wsdlDocumentUrl"
			value="http://localhost:8080/remoting/axis/Bestellung?WSDL" />
		<property name="namespaceUri"
			value="http://localhost:8080/remoting/axis/Bestellung" />
		<property name="serviceName" value="AxisBestellungService" />
		<property name="portName" value="Bestellung" />
		<property name="servicePostProcessors">
			<list>
				<bean class="axis.BeanMappingPostProcessor" />
			</list>
		</property>
	</bean>

</beans>
