<?xml version="1.0" encoding="UTF-8"?>
<!DOCTYPE beans PUBLIC "-//SPRING//DTD BEAN//EN" "http://www.springframework.org/dtd/spring-beans-2.0.dtd">

<beans>
	
	<bean id="wareDAO"
		class="org.springframework.remoting.httpinvoker.HttpInvokerProxyFactoryBean">
		<property name="serviceUrl" value="http://localhost:8080/remoting/wareDAOSpring" />
		<property name="serviceInterface" value="dao.IWareDAO" />
	</bean>
	
	<bean id="kundeDAO"
		class="org.springframework.remoting.httpinvoker.HttpInvokerProxyFactoryBean">
		<property name="serviceUrl" value="http://localhost:8080/remoting/kundeDAOSpring" />
		<property name="serviceInterface" value="dao.IKundeDAO" />
	</bean>
	
	<bean id="bestellungDAO"
		class="org.springframework.remoting.httpinvoker.HttpInvokerProxyFactoryBean">
		<property name="serviceUrl" value="http://localhost:8080/remoting/bestellungDAOSpring" />
		<property name="serviceInterface" value="dao.IBestellungDAO" />
	</bean>
	
	<bean id="bestellung"
		class="org.springframework.remoting.httpinvoker.HttpInvokerProxyFactoryBean">
		<property name="serviceUrl" value="http://localhost:8080/remoting/bestellungSpring" />
		<property name="serviceInterface" value="businessprocess.IBestellungBusinessProcess" />
	</bean>
	
</beans>
