<?xml version="1.0" encoding="UTF-8"?>
<!DOCTYPE beans PUBLIC "-//SPRING//DTD BEAN//EN" "http://www.springframework.org/dtd/spring-beans-2.0.dtd">

<beans>

	<import resource="classpath:org/codehaus/xfire/spring/xfire.xml" />

	<bean id="kundeDAO"
		class="org.codehaus.xfire.spring.remoting.XFireClientFactoryBean">
		<property name="wsdlDocumentUrl"
			value="http://localhost:8080/remoting/kundeDAOXFire?WSDL" />
		<property name="serviceClass" value="dao.IKundeDAO" />
	</bean>

	<bean id="wareDAO"
		class="org.codehaus.xfire.spring.remoting.XFireClientFactoryBean">
		<property name="wsdlDocumentUrl"
			value="http://localhost:8080/remoting/wareDAOXFire?WSDL" />
		<property name="serviceClass" value="dao.IWareDAO" />
	</bean>

	<bean id="bestellungDAO"
		class="org.codehaus.xfire.spring.remoting.XFireClientFactoryBean">
		<property name="wsdlDocumentUrl"
			value="http://localhost:8080/remoting/bestellungDAOXFire?WSDL" />
		<property name="serviceClass" value="dao.IBestellungDAO" />
	</bean>

	<bean id="bestellung"
		class="org.codehaus.xfire.spring.remoting.XFireClientFactoryBean">
		<property name="wsdlDocumentUrl"
			value="http://localhost:8080/remoting/bestellungXFire?WSDL" />
		<property name="serviceClass"
			value="businessprocess.IBestellungBusinessProcess" />
	</bean>

</beans>
