<?xml version="1.0" encoding="UTF-8"?>
<!DOCTYPE beans PUBLIC "-//SPRING//DTD BEAN//EN" "http://www.springframework.org/dtd/spring-beans-2.0.dtd">

<beans>

	<bean id="eagerBean" class="lazyinit.EagerBean" />

	<bean id="lazyBean" class="lazyinit.LazyBean" lazy-init="true"/>

	<bean 
		class="org.springframework.aop.framework.autoproxy.BeanNameAutoProxyCreator">
		<property name="customTargetSourceCreators">
			<list>
				<bean 
					class="org.springframework.aop.framework.autoproxy.target.LazyInitTargetSourceCreator"/>
			</list>
		</property>
		<property name="beanNames">
			<list>
				<value>*</value>
			</list>
		</property>
	</bean>
</beans>