<?xml version="1.0" encoding="UTF-8"?>
<!DOCTYPE beans PUBLIC "-//SPRING//DTD BEAN//EN" "http://www.springframework.org/dtd/spring-beans-2.0.dtd" >
<beans default-merge="false">

	<bean id="abstrakt" abstract="true" class="merge.MergeDemo">
		<property name="list">
			<list>
				<value>Wert</value>
				<value>Noch ein Wert</value>
			</list>
		</property>
	</bean>

	<bean id="childOhneMerge" parent="abstrakt">
		<property name="list">
			<list>
				<value>Einziger Wert</value>
			</list>
		</property>

	</bean>

	<bean id="childMitMerge" parent="abstrakt">
		<property name="list">
			<list merge="true">
				<value>hinzugefuegter Wert</value>
			</list>
		</property>
	</bean>

</beans>
