<?xml version="1.0" encoding="UTF-8"?>
<!DOCTYPE beans PUBLIC "-//SPRING//DTD BEAN//EN" "http://www.springframework.org/dtd/spring-beans-2.0.dtd">

<beans>
	<bean id="swappable" class="targetsource.Bean"/>
	
	<bean id="hotSwappableTargetSource" 
		class="org.springframework.aop.target.HotSwappableTargetSource">
		<constructor-arg>
			<ref local="swappable"/>
		</constructor-arg>
	</bean>
	
	<bean id="swapper" 
		class="org.springframework.aop.framework.ProxyFactoryBean">
		<property name="target">
			<ref local="swappable"/>
		</property>
		<property name="targetSource">
			<ref local="hotSwappableTargetSource"/>
		</property>
	</bean>
	
</beans>