<?xml version="1.0" encoding="UTF-8"?>

<beans xmlns="http://www.springframework.org/schema/beans"
	xmlns:xsi="http://www.w3.org/2001/XMLSchema-instance"
	xsi:schemaLocation="http://www.springframework.org/schema/beans  http://www.springframework.org/schema/beans/spring-beans-3.0.xsd">

	<bean id="debugInterceptor"
		class="org.springframework.aop.interceptor.DebugInterceptor" />

	<bean id="aspectjPointcut"
		class="org.springframework.aop.aspectj.AspectJExpressionPointcut">
		<property name="expression"
			value="execution (* dao.*.*(..))" />
	</bean>

	<bean id="debugAdvisor"
		class="org.springframework.aop.support.DefaultPointcutAdvisor">
		<property name="advice" ref="debugInterceptor" />
		<property name="pointcut" ref="aspectjPointcut" />
	</bean>

	<bean id="autoProxyCreator"
		class="org.springframework.aop.framework.autoproxy.DefaultAdvisorAutoProxyCreator" />

</beans>
