<?xml version="1.0" encoding="UTF-8"?>
<beans xmlns="http://www.springframework.org/schema/beans"
	xmlns:xsi="http://www.w3.org/2001/XMLSchema-instance"
	xmlns:aop="http://www.springframework.org/schema/aop"
	xsi:schemaLocation="http://www.springframework.org/schema/beans
 http://www.springframework.org/schema/beans/spring-beans-3.0.xsd
 http://www.springframework.org/schema/aop
 http://www.springframework.org/schema/aop/spring-aop-3.0.xsd">

	<bean id="advice" class="aop.AspectJBeforeAfterDebugInterceptor" />

	<aop:config>
		<aop:pointcut id="debugPointcut"
			expression="execution (* dao.*.*(..))" />
		<aop:aspect ref="advice">
			<aop:before method="before" pointcut-ref="debugPointcut" />
			<aop:after-returning method="afterReturning"
				pointcut-ref="debugPointcut" />
			<aop:after-throwing method="afterThrowing" throwing="ex"
				pointcut-ref="debugPointcut" />

		</aop:aspect>
	</aop:config>
	
</beans>
