<?xml version="1.0" encoding="UTF-8"?>

<beans xmlns="http://www.springframework.org/schema/beans"
	xmlns:xsi="http://www.w3.org/2001/XMLSchema-instance" xmlns:aop="http://www.springframework.org/schema/aop"
	xsi:schemaLocation="http://www.springframework.org/schema/aop http://www.springframework.org/schema/aop/spring-aop.xsd
		http://www.springframework.org/schema/beans http://www.springframework.org/schema/beans/spring-beans.xsd
		http://www.springframework.org/schema/jdbc http://www.springframework.org/schema/jdbc/spring-jdbc.xsd
		http://www.springframework.org/schema/tx http://www.springframework.org/schema/tx/spring-tx.xsd"
	xmlns:jdbc="http://www.springframework.org/schema/jdbc" xmlns:tx="http://www.springframework.org/schema/tx">

	<tx:advice id="txAdvice">
		<tx:attributes>
			<tx:method name="*" propagation="REQUIRED" />
		</tx:attributes>
	</tx:advice>

	<aop:config>
		<aop:advisor advice-ref="txAdvice"
			pointcut="execution(* businessprocess.*.*(..))" />
		<aop:advisor advice-ref="txAdvice" pointcut="execution(* dao.I*DAO+.*(..))" />
	</aop:config>

	<jdbc:embedded-database id="dataSource" type="HSQL">
		<jdbc:script location="init.sql" />
	</jdbc:embedded-database>

	<bean id="hibernateSessionFactory"
		class="org.springframework.orm.hibernate3.LocalSessionFactoryBean">
		<property name="mappingResources">
			<list>
				<value>/springdemo.hbm.xml</value>
			</list>
		</property>
		<property name="hibernateProperties">
			<props>
				<prop key="hibernate.dialect">
					org.hibernate.dialect.HSQLDialect
				</prop>
				<prop key="hibernate.show_sql">true</prop>
				<!--  			<prop key="hibernate.hbm2ddl.auto">create</prop> -->
			</props>
		</property>
		<property name="dataSource" ref="dataSource" />
	</bean>

	<bean id="transactionManager"
		class="org.springframework.orm.hibernate3.HibernateTransactionManager">
		<property name="sessionFactory" ref="hibernateSessionFactory" />
	</bean>

	<bean id="kundeDAO" class="hibernatedao.KundeDAO">
		<property name="sessionFactory" ref="hibernateSessionFactory" />
	</bean>

	<bean id="bestellungDAO" class="hibernatedao.BestellungDAO">
		<property name="sessionFactory" ref="hibernateSessionFactory" />
	</bean>

	<bean id="wareDAO" class="hibernatedao.WareDAO">
		<property name="sessionFactory" ref="hibernateSessionFactory" />
	</bean>

	<bean id="kreditkartenautorisierer" class="businessprocess.EinfacherKreditkartenAutorisierer" />

	<bean id="bestellung" class="businessprocess.BestellungBusinessProcess">
		<property name="bestellungDAO" ref="bestellungDAO" />
		<property name="kundeDAO" ref="kundeDAO" />
		<property name="wareDAO" ref="wareDAO" />
	</bean>

	<bean
		class="org.springframework.dao.annotation.PersistenceExceptionTranslationPostProcessor" />

</beans>
