<?xml version="1.0" encoding="UTF-8"?>

<beans xmlns="http://www.springframework.org/schema/beans"
	xmlns:xsi="http://www.w3.org/2001/XMLSchema-instance"
	xmlns:aop="http://www.springframework.org/schema/aop"
	xsi:schemaLocation="http://www.springframework.org/schema/aop http://www.springframework.org/schema/aop/spring-aop.xsd
		http://www.springframework.org/schema/beans http://www.springframework.org/schema/beans/spring-beans.xsd
		http://www.springframework.org/schema/jdbc http://www.springframework.org/schema/jdbc/spring-jdbc.xsd
		http://www.springframework.org/schema/tx http://www.springframework.org/schema/tx/spring-tx.xsd"
	xmlns:jdbc="http://www.springframework.org/schema/jdbc"
	xmlns:tx="http://www.springframework.org/schema/tx">

	<tx:advice id="txAdvice">
		<tx:attributes>
			<tx:method name="*" propagation="REQUIRED" />
		</tx:attributes>
	</tx:advice>

	<aop:config>
		<aop:advisor advice-ref="txAdvice"
			pointcut="execution(* businessprocess.*.*(..))" />
		<aop:advisor advice-ref="txAdvice" pointcut="execution(* dao.I*DAO+.*(..))" />
	</aop:config>

	<jdbc:embedded-database id="dataSource" type="HSQL">
		<jdbc:script location="init.sql" />
	</jdbc:embedded-database>


	<bean id="transactionManager"
		class="org.springframework.jdbc.datasource.DataSourceTransactionManager">
		<property name="dataSource" ref="dataSource" />
	</bean>

	<bean id="kreditkartenAuthorisierer" class="businessprocess.EinfacherKreditkartenAutorisierer" />

	<bean id="sqlMapClient" class="org.springframework.orm.ibatis.SqlMapClientFactoryBean">
		<property name="configLocation" value="sqlmap-config.xml" />
		<property name="dataSource" ref="dataSource" />
	</bean>

	<bean id="kundeDAO" class="ibatisdao.KundeDAO">
		<property name="sqlMapClient" ref="sqlMapClient" />
	</bean>

	<bean id="bestellungDAO" class="ibatisdao.BestellungDAO">
		<property name="sqlMapClient" ref="sqlMapClient" />
		<property name="kundeDAO" ref="kundeDAO" />
		<property name="wareDAO" ref="wareDAO" />
	</bean>

	<bean id="wareDAO" class="ibatisdao.WareDAO">
		<property name="sqlMapClient" ref="sqlMapClient" />
	</bean>

	<bean id="bestellung" class="businessprocess.BestellungBusinessProcess"
		autowire="byName" />

</beans>
