<?xml version="1.0" encoding="UTF-8"?>
<beans xmlns="http://www.springframework.org/schema/beans"
	xmlns:xsi="http://www.w3.org/2001/XMLSchema-instance"
	xsi:schemaLocation="http://www.springframework.org/schema/beans http://www.springframework.org/schema/beans/spring-beans.xsd
		http://www.springframework.org/schema/jdbc http://www.springframework.org/schema/jdbc/spring-jdbc.xsd"
	xmlns:jdbc="http://www.springframework.org/schema/jdbc">

	<jdbc:embedded-database id="dataSource" type="HSQL">
		<jdbc:script location="init.sql" />
	</jdbc:embedded-database>


	<bean id="transactionManager"
		class="org.springframework.jdbc.datasource.DataSourceTransactionManager">
		<property name="dataSource" ref="dataSource" />
	</bean>

	<bean id="DataSourceTemplate" abstract="true">
		<property name="dataSource" ref="dataSource" />
	</bean>

	<bean id="kundeDAO" class="springjdbcdao.KundeDAO" parent="DataSourceTemplate" />

	<bean id="bestellungDAO" class="springjdbcdao.BestellungDAO"
		parent="DataSourceTemplate">
		<property name="kundeDAO" ref="kundeDAO" />
		<property name="wareDAO" ref="wareDAO" />
	</bean>

	<bean id="wareDAO" class="springjdbcdao.WareDAO" parent="DataSourceTemplate" />

	<bean id="bestellung" class="businessprocess.BestellungBusinessProcess">
		<property name="bestellungDAO" ref="bestellungDAO" />
		<property name="kundeDAO" ref="kundeDAO" />
		<property name="wareDAO" ref="wareDAO" />
	</bean>

</beans>