<?xml version="1.0" encoding="UTF-8"?>

<beans xmlns="http://www.springframework.org/schema/beans"
	xmlns:xsi="http://www.w3.org/2001/XMLSchema-instance"
	xsi:schemaLocation="http://www.springframework.org/schema/beans http://www.springframework.org/schema/beans/spring-beans-3.0.xsd
		http://www.springframework.org/schema/jdbc http://www.springframework.org/schema/jdbc/spring-jdbc.xsd"
	xmlns:jdbc="http://www.springframework.org/schema/jdbc">

	<jdbc:embedded-database id="dataSource" type="HSQL">
		<jdbc:script location="init.sql" />
	</jdbc:embedded-database>

	<bean id="transactionManager"
		class="org.springframework.jdbc.datasource.DataSourceTransactionManager">
		<property name="dataSource" ref="dataSource" />
	</bean>

	<bean id="kundeDAO" class="springjdbcdao.KundeDAO" autowire="byName" />

	<bean id="bestellungDAO" class="springjdbcdao.BestellungDAO"
		autowire="constructor" />

	<bean id="wareDAO" class="springjdbcdao.WareDAO" autowire="byName" />

	<bean id="bestellung" class="businessprocess.BestellungBusinessProcess"
		autowire="byType" />

	<bean id="transactionAttributeSource"
		class="org.springframework.transaction.interceptor.NameMatchTransactionAttributeSource">
		<property name="nameMap">
			<map>
				<entry key="bestellenKreditkarteTransactionAnnotation" value="PROPAGATION_REQUIRED" />
				<entry key="save" value="PROPAGATION_REQUIRED" />
				<entry key="getBy*" value="PROPAGATION_REQUIRED" />
				<entry key="deleteBy*" value="PROPAGATION_REQUIRED" />
				<entry key="update" value="PROPAGATION_REQUIRED" />
			</map>
		</property>
	</bean>
	<bean id="transactionInterceptor"
		class="org.springframework.transaction.interceptor.TransactionInterceptor"
		autowire="byName" />
	<bean id="autoProxyCreator"
		class="org.springframework.aop.framework.autoproxy.BeanNameAutoProxyCreator">
		<property name="interceptorNames">
			<list>
				<idref local="transactionInterceptor"></idref>
			</list>
		</property>
		<property name="beanNames">
			<list>
				<idref local="bestellung" />
				<idref local="kundeDAO" />
				<idref local="wareDAO" />
				<idref local="bestellungDAO" />
			</list>
		</property>
	</bean>


</beans>