<?xml version="1.0" encoding="UTF-8"?>
<beans xmlns="http://www.springframework.org/schema/beans"
	xmlns:xsi="http://www.w3.org/2001/XMLSchema-instance"
	xsi:schemaLocation="http://www.springframework.org/schema/beans http://www.springframework.org/schema/beans/spring-beans.xsd
		http://www.springframework.org/schema/jdbc http://www.springframework.org/schema/jdbc/spring-jdbc.xsd"
	xmlns:jdbc="http://www.springframework.org/schema/jdbc">
	<bean
		class="org.springframework.beans.factory.config.PropertyPlaceholderConfigurer">
		<property name="location" value="db.properties" />
	</bean>
	<bean id="transactionManager"
		class="org.springframework.jdbc.datasource.DataSourceTransactionManager">
		<property name="dataSource" ref="dataSource" />
	</bean>
	<bean id="dataSource" class="org.apache.commons.dbcp.BasicDataSource"
		destroy-method="close">
		<property name="driverClassName" value="${db.driverClassName}" />
		<property name="url" value="${db.url}" />
		<property name="username" value="${db.username:sa}" />
		<property name="password" value="${db.password:}" />
	</bean>
	<jdbc:initialize-database data-source="dataSource">
		<jdbc:script location="init.sql" />
	</jdbc:initialize-database>
	<bean id="template" class="org.springframework.jdbc.core.JdbcTemplate">
		<property name="dataSource" ref="dataSource" />
	</bean>
	<bean id="kundeDAO" class="springjdbcdao.KundeDAO">
		<property name="jdbcTemplate" ref="template" />
	</bean>
	<bean id="bestellungDAO" class="springjdbcdao.BestellungDAO">
		<property name="dataSource" ref="dataSource" />
		<property name="kundeDAO" ref="kundeDAO" />
		<property name="wareDAO" ref="wareDAO" />
	</bean>
	<bean id="wareDAO" class="springjdbcdao.WareDAO">
		<property name="jdbcTemplate" ref="template" />
	</bean>
	<bean id="bestellung" class="businessprocess.BestellungBusinessProcess">
		<property name="bestellungDAO" ref="bestellungDAO" />
		<property name="kundeDAO" ref="kundeDAO" />
		<property name="wareDAO" ref="wareDAO" />
	</bean>
</beans>