<?xml version="1.0" encoding="UTF-8"?>

<beans xmlns="http://www.springframework.org/schema/beans"
	xmlns:xsi="http://www.w3.org/2001/XMLSchema-instance"
	xsi:schemaLocation="http://www.springframework.org/schema/beans http://www.springframework.org/schema/beans/spring-beans.xsd
		http://www.springframework.org/schema/jdbc http://www.springframework.org/schema/jdbc/spring-jdbc.xsd"
	xmlns:jdbc="http://www.springframework.org/schema/jdbc"
	xmlns:p="http://www.springframework.org/schema/p">

	<jdbc:embedded-database id="dataSource" type="HSQL">
		<jdbc:script location="init.sql" />
	</jdbc:embedded-database>


	<bean id="transactionManager"
		class="org.springframework.jdbc.datasource.DataSourceTransactionManager"
		p:dataSource-ref="dataSource" />

	<bean id="template"
		class="org.springframework.jdbc.core.JdbcTemplate"
		p:dataSource-ref="dataSource" />


	<bean id="kundeDAO" class="springjdbcdao.KundeDAO"
		p:jdbcTemplate-ref="template" />


	<bean id="bestellungDAO" class="springjdbcdao.BestellungDAO"
		p:dataSource-ref="dataSource" p:kundeDAO-ref="kundeDAO"
		p:wareDAO-ref="wareDAO" />

	<bean id="wareDAO" class="springjdbcdao.WareDAO"
		p:dataSource-ref="dataSource" />

	<bean id="bestellung"
		class="businessprocess.BestellungBusinessProcess"
		p:bestellungDAO-ref="bestellungDAO" p:kundeDAO-ref="kundeDAO"
		p:wareDAO-ref="wareDAO" />


</beans>
