<?xml version="1.0" encoding="UTF-8"?>
<beans xmlns="http://www.springframework.org/schema/beans"
	xmlns:xsi="http://www.w3.org/2001/XMLSchema-instance"
	xmlns:aop="http://www.springframework.org/schema/aop"
	xsi:schemaLocation="http://www.springframework.org/schema/aop http://www.springframework.org/schema/aop/spring-aop.xsd
		http://www.springframework.org/schema/beans http://www.springframework.org/schema/beans/spring-beans.xsd
		http://www.springframework.org/schema/jdbc http://www.springframework.org/schema/jdbc/spring-jdbc.xsd
		http://www.springframework.org/schema/tx http://www.springframework.org/schema/tx/spring-tx.xsd
		http://www.springframework.org/schema/util http://www.springframework.org/schema/util/spring-util.xsd"
	xmlns:jdbc="http://www.springframework.org/schema/jdbc"
	xmlns:tx="http://www.springframework.org/schema/tx"
	xmlns:util="http://www.springframework.org/schema/util">

	<tx:advice id="txAdvice">
		<tx:attributes>
			<tx:method name="*" propagation="REQUIRED" />
		</tx:attributes>
	</tx:advice>

	<aop:config>
		<aop:advisor advice-ref="txAdvice"
			pointcut="execution(* businessprocess.*.*(..))" />
		<aop:advisor advice-ref="txAdvice" pointcut="execution(* dao.I*DAO+.*(..))" />
	</aop:config>

	<jdbc:embedded-database id="dataSource" type="HSQL">
		<jdbc:script location="init.sql" />
	</jdbc:embedded-database>


	<bean id="entityManagerFactory"
		class="org.springframework.orm.jpa.LocalContainerEntityManagerFactoryBean">
		<property name="dataSource" ref="dataSource" />
		<property name="persistenceUnitName" value="SpringBuch" />
		<property name="jpaVendorAdapter">
			<bean class="org.springframework.orm.jpa.vendor.HibernateJpaVendorAdapter">
				<property name="generateDdl" value="true" />
				<property name="showSql" value="true" />
				<property name="database">
					<util:constant static-field="org.springframework.orm.jpa.vendor.Database.HSQL" />
				</property>
			</bean>
		</property>
		<!--
			property name="jpaVendorAdapter"> <bean
			class="org.springframework.orm.jpa.vendor.HibernateJpaVendorAdapter">
			<property name="database" value="HSQL" /> <property
			name="generateDdl" value="true" /> <property name="showSql"
			value="true" /> </bean > </property
		-->
	</bean>

	<!--
		bean id="entityManagerFactory"
		class="org.springframework.orm.jpa.LocalEntityManagerFactoryBean">
		<property name="persistenceUnitName" value="SpringBuch" /> <property
		name="jpaVendorAdapter"> <bean
		class="org.springframework.orm.jpa.vendor.HibernateJpaVendorAdapter">
		<property name="database" value="HSQL" /> <property name="generateDdl"
		value="true" /> <property name="showSql" value="true" /> </bean>

		</property> </bean
	-->

	<bean id="kreditkartenautorisierer" class="businessprocess.EinfacherKreditkartenAutorisierer" />

	<bean id="transactionManager" class="org.springframework.orm.jpa.JpaTransactionManager">
		<property name="entityManagerFactory" ref="entityManagerFactory" />
	</bean>

	<bean id="kundeDAO" class="jpadao.KundeDAO">
		<property name="entityManagerFactory" ref="entityManagerFactory" />
	</bean>

	<bean id="bestellungDAO" class="jpadao.BestellungDAO">
		<property name="entityManagerFactory" ref="entityManagerFactory" />
	</bean>

	<bean id="wareDAO" class="jpadao.WareDAO"></bean>

	<bean id="bestellung" class="businessprocess.BestellungBusinessProcess">
		<property name="bestellungDAO" ref="bestellungDAO" />
		<property name="kundeDAO" ref="kundeDAO" />
		<property name="wareDAO" ref="wareDAO" />
	</bean>

	<bean
		class="org.springframework.dao.annotation.PersistenceExceptionTranslationPostProcessor" />

	<bean
		class="org.springframework.orm.jpa.support.PersistenceAnnotationBeanPostProcessor" />

</beans>
