<?xml version="1.0" encoding="UTF-8"?>

<flow xmlns="http://www.springframework.org/schema/webflow"
          xmlns:xsi="http://www.w3.org/2001/XMLSchema-instance"
          xsi:schemaLocation="
              http://www.springframework.org/schema/webflow
              http://www.springframework.org/schema/webflow/spring-webflow-1.0.xsd">

<start-state idref="formularKundenId" />

	<view-state id="formularKundenId" view="kundeIdView">
		<render-actions>
			<action bean="kundeIdView" method="setupForm"/>
		</render-actions> 
		<transition on="submit" to="eintragenKundenId">
			<action bean="kundeIdView" method="bindAndValidate"/>
		</transition>
	</view-state>
	
	<action-state id="eintragenKundenId">
		<action bean="eintragenKundenIdBean"/>
		<transition on="fehler" to="formularKundenId"/>
		<transition on="erfolg" to="formularBestellzeile"/>
	</action-state>
	
	<view-state id="formularBestellzeile" view="bestellzeileView">
 		<render-actions>
			<action bean="bestellzeileView" method="setupForm"/>
		</render-actions>  
		<transition on="abschicken" to="bestellungAufgeben" />
		<transition on="hinzufuegen" to="hinzufuegenBestellzeile">
			<action bean="bestellzeileView" method="bindAndValidate"/>
		</transition>
	</view-state>
	
	<action-state id="hinzufuegenBestellzeile">
		<action bean="hinzufuegenBestellzeileBean"/>
		<transition on="fehler" to="formularBestellzeile"/>
		<transition on="erfolg" to="formularBestellzeile"/>
	</action-state>
	
	<action-state id="bestellungAufgeben">
		<action bean="bestellungAufgebenBean"/>
		<transition on="fehler" to="bestellungProblem"/>
		<transition on="erfolg" to="bestellungBestaetigung"/>
	</action-state>
	
	<end-state id="bestellungBestaetigung" view="bestellungBestaetigungView"/>
	<end-state id="bestellungProblem" view="bestellungProblemView"/>
	
</flow>

