<?xml version="1.0" encoding="UTF-8"?>
<!DOCTYPE beans PUBLIC "-//SPRING//DTD BEAN//EN" "http://www.springframework.org/dtd/spring-beans-2.0.dtd">

<beans>
	<bean id="viewResolver"
		class="org.springframework.web.servlet.view.InternalResourceViewResolver">
		<property name="prefix" value="/WEB-INF/jsp/" />
		<property name="suffix" value=".jsp" />
	</bean>

	<bean name="/bestellung.html"
		class="org.springframework.webflow.executor.mvc.FlowController">
		<property name="flowExecutor" ref="flowExecutor" />
	</bean>

	<bean id="flowExecutor"
		class="org.springframework.webflow.config.FlowExecutorFactoryBean">
		<property name="definitionLocator" ref="definitions" />
	</bean>

	<bean id="definitions"
		class="org.springframework.webflow.engine.builder.xml.XmlFlowRegistryFactoryBean">
		<property name="flowLocations"
			value="/WEB-INF/*-flow.xml" />
	</bean>
	
	<bean id="kundeIdView"
		class="org.springframework.webflow.action.FormAction">
		<property name="formObjectName" value="einkaufswagen" />
		<property name="formObjectClass"
			value="businessobjects.Einkaufswagen" />
		<property name="formObjectScope" value="FLOW" />
		<property name="validator">
			<bean class="web.bestellung.KundeIdValidator">
				<property name="kundeDAO" ref="kundeDAO" />
			</bean>
		</property>
	</bean>

	<bean id="bestellzeileView"
		class="org.springframework.webflow.action.FormAction">
		<property name="formObjectName" value="bestellzeile" />
		<property name="formObjectClass"
			value="businessobjects.EinkaufswagenInhalt" />
		<property name="formObjectScope" value="FLASH" />
		<property name="validator">
			<bean class="web.bestellung.BestellzeileValidator">
				<property name="wareDAO" ref="wareDAO" />
			</bean>
		</property>
	</bean>

	<bean id="eintragenKundenIdBean"
		class="web.bestellung.EintragenKundeIdAction" />

	<bean id="hinzufuegenBestellzeileBean"
		class="web.bestellung.HinzufuegenBestellzeileAction" />

	<bean id="bestellungAufgebenBean"
		class="web.bestellung.BestellungAufgebenAction">
		<property name="bestellung" ref="bestellung" />
	</bean>

</beans>
