﻿<?xml version="1.0" encoding="UTF-8"?>

<beans xmlns="http://www.springframework.org/schema/beans"
	xmlns:xsi="http://www.w3.org/2001/XMLSchema-instance"
	xmlns:jee="http://www.springframework.org/schema/jee"
	xsi:schemaLocation="
       http://www.springframework.org/schema/beans http://www.springframework.org/schema/beans/spring-beans-2.0.xsd
       http://www.springframework.org/schema/jee http://www.springframework.org/schema/jee/spring-jee-2.0.xsd">

	<bean id="kundeDAO"
		class="org.springframework.ejb.access.SimpleRemoteStatelessSessionProxyFactoryBean">
		<property name="jndiName" value="KundeDAOEJB" />
		<property name="businessInterface" value="dao.IKundeDAO" />
	</bean>

	<jee:remote-slsb id="bestellungDAO" jndi-name="BestellungDAOEJB"
		business-interface="dao.IBestellungDAO" />

	<bean id="wareDAO"
		class="org.springframework.ejb.access.SimpleRemoteStatelessSessionProxyFactoryBean">
		<property name="jndiName" value="WareDAOEJB" />
		<property name="businessInterface" value="dao.IWareDAO" />
	</bean>

	<bean id="bestellung"
		class="org.springframework.ejb.access.SimpleRemoteStatelessSessionProxyFactoryBean">
		<property name="jndiName" value="BestellungBusinessProcessEJB" />
		<property name="businessInterface"
			value="businessprocess.IBestellungBusinessProcess" />
	</bean>

</beans>