<?xml version='1.0' encoding='UTF-8'?>

<!DOCTYPE faces-config PUBLIC
  "-//Sun Microsystems, Inc.//DTD JavaServer Faces Config 1.1//EN"
  "http://java.sun.com/dtd/web-facesconfig_1_1.dtd">

<faces-config>
	
	<application>
		<variable-resolver>
			org.springframework.web.jsf.DelegatingVariableResolver</variable-resolver>
		<locale-config>
			<default-locale>en</default-locale>
		</locale-config>
	</application>
	
	<navigation-rule>
		<description> Navigation vom Kunden Formular aus. </description>
		<from-view-id>/jsp/kundeForm.jsp</from-view-id>
		<navigation-case>
			<description> Einziger Uebergang: Vom Formular zur Eingabe der Kundendaten
				zur Anzeige der erfolgreichen Erzeugung. </description>
			<from-outcome>success</from-outcome>
			<to-view-id>/jsp/kundeCreated.jsp</to-view-id>
		</navigation-case>
	</navigation-rule>
	
	<managed-bean>
		<description> Bean fuer das Kunden Formular. </description>
		<managed-bean-name>kundecreate</managed-bean-name>
		<managed-bean-class>web.kunde.KundeCreateBean</managed-bean-class>
		<managed-bean-scope>request</managed-bean-scope>
		<managed-property>
			<property-name>kundeDAO</property-name>
			<value>#{kundeDAO}</value>
		</managed-property>
	</managed-bean>
	
</faces-config>
