<?xml version="1.0" encoding="UTF-8"?>
<beans xmlns="http://www.springframework.org/schema/beans"
	xmlns:xsi="http://www.w3.org/2001/XMLSchema-instance"
	xsi:schemaLocation="http://www.springframework.org/schema/beans http://www.springframework.org/schema/beans/spring-beans.xsd
		http://www.springframework.org/schema/context http://www.springframework.org/schema/context/spring-context.xsd
		http://www.springframework.org/schema/webflow-config http://www.springframework.org/schema/webflow-config/spring-webflow-config-2.0.xsd"
	xmlns:context="http://www.springframework.org/schema/context"
	xmlns:flow="http://www.springframework.org/schema/webflow-config">

	<bean id="viewResolver"
		class="org.springframework.web.servlet.view.InternalResourceViewResolver">
		<property name="prefix" value="/WEB-INF/jsp/" />
		<property name="suffix" value=".jsp" />
	</bean>
	<bean id="einkaufswagenValidator" class="validator.EinkaufswagenValidator">
		<property name="kundeDAO" ref="kundeDAO" />
	</bean>

	<bean id="bestellzeileValidator" class="validator.EinkaufswagenInhaltValidator">
		<property name="wareDAO" ref="wareDAO" />
	</bean>

	<bean id="bestellungAufgebenBean" class="web.bestellung.BestellungAufgeben">
		<property name="bestellung" ref="bestellung" />
	</bean>

	<bean name="/bestellung.html"
		class="org.springframework.webflow.mvc.servlet.FlowController">
		<property name="flowExecutor" ref="flowExecutor" />
	</bean>

	<flow:flow-executor id="flowExecutor" flow-registry="flowRegistry" />

	<flow:flow-registry id="flowRegistry"
		flow-builder-services="flowBuilderServices">
		<flow:flow-location path="/WEB-INF/bestellung.xml" />
	</flow:flow-registry>
	<flow:flow-builder-services id="flowBuilderServices"
		view-factory-creator="mvcViewFactoryCreator" />

	<bean id="mvcViewFactoryCreator"
		class="org.springframework.webflow.mvc.builder.MvcViewFactoryCreator">
		<property name="viewResolvers" ref="viewResolver" />
	</bean>

</beans>
