<?xml version="1.0" encoding="UTF-8"?>
<!DOCTYPE beans PUBLIC "-//SPRING//DTD BEAN//EN" "http://www.springframework.org/dtd/spring-beans-2.0.dtd">
<beans>

	<bean id="debugInterceptor" 
		class="org.springframework.aop.interceptor.DebugInterceptor"/>

	<bean id="regExpPointcut" 
		class="org.springframework.aop.support.JdkRegexpMethodPointcut">
		<property name="pattern" value="dao.*" />
	</bean>

	<bean id="debugAdvisor"
		class="org.springframework.aop.support.DefaultPointcutAdvisor">
		<property name="advice" ref="debugInterceptor"/>
		<property name="pointcut" ref="regExpPointcut"/>
	</bean>

	<bean id="autoProxyCreator" 
		class="org.springframework.aop.framework.autoproxy.DefaultAdvisorAutoProxyCreator" />

</beans>