<?xml version="1.0" encoding="UTF-8"?>
<!DOCTYPE beans PUBLIC "-//SPRING//DTD BEAN//EN" "http://www.springframework.org/dtd/spring-beans-2.0.dtd">

<beans>

	<bean id="autoProxyCreator"
		class="org.springframework.aop.framework.autoproxy.DefaultAdvisorAutoProxyCreator">
	</bean>

	<bean id="dataSource"
		class="org.apache.commons.dbcp.BasicDataSource"
		destroy-method="close">
		<property name="driverClassName" value="org.hsqldb.jdbcDriver" />
		<property name="url" value="jdbc:hsqldb:res:springbuchhsqldb" />
		<property name="username" value="sa" />
		<property name="password" value="" />
	</bean>

	<bean id="hibernateSessionFactory"
		class="org.springframework.orm.hibernate3.LocalSessionFactoryBean">
		<property name="mappingResources">
			<list>
				<value>springdemo.hbm.xml</value>
			</list>
		</property>
		<property name="hibernateProperties">
			<props>
				<prop key="hibernate.dialect">
					org.hibernate.dialect.HSQLDialect
				</prop>
				<prop key="hibernate.show_sql">true</prop>
	<!--  			<prop key="hibernate.hbm2ddl.auto">create</prop> -->
			</props>
		</property>
		<property name="dataSource" ref="dataSource" />
	</bean>

	<bean id="kreditkartenautorisierer"
		class="businessprocess.EinfacherKreditkartenAutorisierer" />

	<bean id="transactionAdvisor"
		class="org.springframework.aop.support.RegexpMethodPointcutAdvisor">
		<property name="advice" ref="matchAllTxInterceptor" />
		<property name="patterns">
			<list>
				<value>businessprocess.*</value>
				<value>dao.I.*DAO.*</value>
			</list>
		</property>
	</bean>

	<bean id="transactionManager"
		class="org.springframework.orm.hibernate3.HibernateTransactionManager">
		<property name="sessionFactory" ref="hibernateSessionFactory" />
	</bean>

	<bean id="matchAllWithPropReq"
		class="org.springframework.transaction.interceptor.MatchAlwaysTransactionAttributeSource">
		<property name="transactionAttribute"
			value="PROPAGATION_REQUIRED" />
	</bean>

	<bean id="matchAllTxInterceptor"
		class="org.springframework.transaction.interceptor.TransactionInterceptor">
		<property name="transactionManager" ref="transactionManager" />
		<property name="transactionAttributeSource"
			ref="matchAllWithPropReq" />
	</bean>

	<bean id="kundeDAO" class="hibernatedao.KundeDAO">
		<property name="sessionFactory" ref="hibernateSessionFactory" />
	</bean>

	<bean id="bestellungDAO" class="hibernatedao.BestellungDAO">
		<property name="sessionFactory" ref="hibernateSessionFactory" />
	</bean>

	<bean id="wareDAO" class="hibernatedao.WareDAO">
		<property name="sessionFactory" ref="hibernateSessionFactory" />
	</bean>

	<bean id="bestellung"
		class="businessprocess.BestellungBusinessProcess">
		<property name="bestellungDAO" ref="bestellungDAO" />
		<property name="kundeDAO" ref="kundeDAO" />
		<property name="wareDAO" ref="wareDAO" />
	</bean>

</beans>
