<?xml version="1.0" encoding="UTF-8"?>
<!DOCTYPE beans PUBLIC "-//SPRING//DTD BEAN//EN" "http://www.springframework.org/dtd/spring-beans-2.0.dtd">

<beans>

	<bean id="autoProxyCreator"
		class="org.springframework.aop.framework.autoproxy.DefaultAdvisorAutoProxyCreator">
	</bean>

	<bean id="dataSource"
		class="org.apache.commons.dbcp.BasicDataSource"
		destroy-method="close">
		<property name="driverClassName" value="org.hsqldb.jdbcDriver" />
		<property name="url" value="jdbc:hsqldb:res:springbuchhsqldb" />
		<property name="username" value="sa" />
		<property name="password" value="" />
	</bean>

	<bean id="transactionAdvisor"
		class="org.springframework.aop.support.RegexpMethodPointcutAdvisor">
		<property name="advice" ref="matchAllTxInterceptor" />
		<property name="patterns">
			<list>
				<value>businessprocess.*</value>
				<value>ibatisdao.*DAO.*</value>
			</list>
		</property>
	</bean>

	<bean id="transactionManager"
		class="org.springframework.jdbc.datasource.DataSourceTransactionManager">
		<property name="dataSource" ref="dataSource" />
	</bean>

	<bean id="matchAllWithPropReq"
		class="org.springframework.transaction.interceptor.MatchAlwaysTransactionAttributeSource">
		<property name="transactionAttribute" value="PROPAGATION_REQUIRED" />
	</bean>

	<bean id="kreditkartenAuthorisierer"
		class="businessprocess.EinfacherKreditkartenAutorisierer" />

	<bean id="matchAllTxInterceptor"
		class="org.springframework.transaction.interceptor.TransactionInterceptor">
		<property name="transactionManager" ref="transactionManager" />
		<property name="transactionAttributeSource" ref="matchAllWithPropReq" />
	</bean>

	<bean id="sqlMapClient"
		class="org.springframework.orm.ibatis.SqlMapClientFactoryBean">
		<property name="configLocation" value="sqlmap-config.xml" />
		<property name="dataSource" ref="dataSource" />
	</bean>

	<bean id="kundeDAO" class="ibatisdao.KundeDAO">
		<property name="sqlMapClient" ref="sqlMapClient" />
	</bean>

	<bean id="bestellungDAO" class="ibatisdao.BestellungDAO">
		<property name="sqlMapClient" ref="sqlMapClient" />
		<property name="kundeDAO" ref="kundeDAO" />
		<property name="wareDAO" ref="wareDAO" />
	</bean>

	<bean id="wareDAO" class="ibatisdao.WareDAO">
		<property name="sqlMapClient" ref="sqlMapClient" />
	</bean>

	<bean id="bestellung"
		class="businessprocess.BestellungBusinessProcess" autowire="byName" />

</beans>
