<?xml version="1.0" encoding="UTF-8"?>
<!DOCTYPE beans PUBLIC "-//SPRING//DTD BEAN//EN" "http://www.springframework.org/dtd/spring-beans-2.0.dtd">

<beans>
	
	<bean id="kundeDAO" class="inmemorydao.KundeDAO" />	
	<bean id="bestellungDAO" class="inmemorydao.BestellungDAO" />
	<bean id="wareDAO" class="inmemorydao.WareDAO" />
	
	<bean id="bestellung" class="businessprocess.BestellungBusinessProcess">
		<property name="bestellungDAO" ref="bestellungDAO"/>
		<property name="kundeDAO" ref="kundeDAO"/>
		<property name="wareDAO" ref="wareDAO"/>
	</bean>
	
</beans>
