<?xml version="1.0" encoding="UTF-8"?>
<!DOCTYPE beans PUBLIC "-//SPRING//DTD BEAN//EN" "http://www.springframework.org/dtd/spring-beans-2.0.dtd">

<beans>
	<bean id="datasourceTarget"
		class="org.apache.commons.dbcp.BasicDataSource"
		destroy-method="close">
		<property name="driverClassName" value="org.hsqldb.jdbcDriver" />
		<property name="url" value="jdbc:hsqldb:res:springbuchhsqldb" />
		<property name="username" value="sa" />
		<property name="password" value="" />
	</bean>
	<bean id="dataSource"
		class="org.springframework.jdbc.datasource.TransactionAwareDataSourceProxy">
		<property name="targetDataSource" ref="datasourceTarget" />
	</bean>
	<bean id="transactionmanager"
		class="org.springframework.jdbc.datasource.DataSourceTransactionManager">
		<property name="dataSource" ref="datasourceTarget" />
	</bean>
	<bean id="kundeDAO" class="springjdbcdao.KundeDAO">
		<property name="dataSource" ref="dataSource" />
	</bean>
	<bean id="bestellungDAO" class="springjdbcdao.BestellungDAO">
		<property name="dataSource" ref="dataSource" />
		<property name="kundeDAO" ref="kundeDAO" />
		<property name="wareDAO" ref="wareDAO" />
	</bean>
	<bean id="wareDAO" class="springjdbcdao.WareDAO">
		<property name="dataSource" ref="dataSource" />
	</bean>
	<bean id="kreditkartenautorisierer"
		class="businessprocess.EinfacherKreditkartenAutorisierer" />
	<bean id="bestellung"
		class="businessprocess.BestellungTransaktionBusinessProcess">
		<property name="bestellungDAO" ref="bestellungDAO" />
		<property name="kundeDAO" ref="kundeDAO" />
		<property name="wareDAO" ref="wareDAO" />
		<property name="kreditkartenAuthorisierer"
			ref="kreditkartenautorisierer" />
		<property name="transactionManager" ref="transactionmanager" />
	</bean>
	<bean id="transactionAttributeSource"
		class="org.springframework.transaction.annotation.AnnotationTransactionAttributeSource">
	</bean>
	<bean id="transactionInterceptor"
		class="org.springframework.transaction.interceptor.TransactionInterceptor">
		<property name="transactionManager" ref="transactionmanager" />
		<property name="transactionAttributeSource"
			ref="transactionAttributeSource" />
	</bean>
	<bean id="autoProxyCreator"
		class="org.springframework.aop.framework.autoproxy.BeanNameAutoProxyCreator">
		<property name="interceptorNames">
			<list>
				<idref local="transactionInterceptor"></idref>
			</list>
		</property>
		<property name="beanNames">
			<list>
				<idref local="bestellung" />
				<idref local="kundeDAO" />
				<idref local="wareDAO" />
				<idref local="bestellungDAO" />
			</list>
		</property>
	</bean>
</beans>