<?xml version="1.0" encoding="UTF-8"?>
<!DOCTYPE beans PUBLIC "-//SPRING//DTD BEAN//EN" "http://www.springframework.org/dtd/spring-beans-2.0.dtd">

<beans>

	<bean id="dataSource"
		class="org.apache.commons.dbcp.BasicDataSource"
		destroy-method="close">
		<property name="driverClassName" value="org.hsqldb.jdbcDriver" />
		<property name="url" value="jdbc:hsqldb:res:springbuchhsqldb" />
		<property name="username" value="sa" />
		<property name="password" value="" />
	</bean>
	
	<bean id="DataSourceTemplate" abstract="true">
		<property name="dataSource" ref="dataSource" />
	</bean>

	<bean id="kundeDAO" class="springjdbcdao.KundeDAO"
		parent="DataSourceTemplate" />

	<bean id="bestellungDAO" class="springjdbcdao.BestellungDAO"
		parent="DataSourceTemplate">
		<property name="kundeDAO" ref="kundeDAO" />
		<property name="wareDAO" ref="wareDAO" />
	</bean>

	<bean id="wareDAO" class="springjdbcdao.WareDAO"
		parent="DataSourceTemplate" />

	<bean id="bestellung"
		class="businessprocess.BestellungBusinessProcess">
		<property name="bestellungDAO" ref="bestellungDAO" />
		<property name="kundeDAO" ref="kundeDAO" />
		<property name="wareDAO" ref="wareDAO" />
	</bean>

</beans>