<?xml version="1.0" encoding="UTF-8"?>
<!DOCTYPE beans PUBLIC "-//SPRING//DTD BEAN//EN" "http://www.springframework.org/dtd/spring-beans-2.0.dtd">

<beans>
	
	<bean id="dataSource"
		class="org.apache.commons.dbcp.BasicDataSource"
		destroy-method="close">
		<property name="driverClassName" value="org.hsqldb.jdbcDriver" />
		<property name="url" value="jdbc:hsqldb:res:springbuchhsqldb" />
		<property name="username" value="sa" />
		<property name="password" value="" />
	</bean>
	
	<bean id="transactionManager"
		class="org.springframework.jdbc.datasource.DataSourceTransactionManager">
		<property name="dataSource" ref="dataSource"/>
	</bean>
	
	<bean id="kundeDAO" class="springjdbcdao.KundeDAO" autowire="byName"/>
	
	<bean id="bestellungDAO" class="springjdbcdao.BestellungDAO" autowire="byName"/>
	
	<bean id="wareDAO" class="springjdbcdao.WareDAO" autowire="byName"/>
	
	<bean id="bestellung" class="businessprocess.BestellungBusinessProcess"
		autowire="autodetect"/>
	
	<bean id="transactionAttributeSource"
		class="org.springframework.transaction.interceptor.NameMatchTransactionAttributeSource">
		<property name="nameMap">
			<map>
				<entry key="bestellenKreditkarteTransactionAnnotation"
					value="PROPAGATION_REQUIRED"/>
				<entry key="save" value="PROPAGATION_REQUIRED"/>
				<entry key="getBy*" value="PROPAGATION_REQUIRED"/>
				<entry key="deleteBy*" value="PROPAGATION_REQUIRED"/>
				<entry key="update" value="PROPAGATION_REQUIRED"/>
			</map>
		</property>
	</bean>
	<bean id="transactionInterceptor"
		class="org.springframework.transaction.interceptor.TransactionInterceptor"
		autowire="byName"/>
	<bean id="autoProxyCreator"
		class="org.springframework.aop.framework.autoproxy.BeanNameAutoProxyCreator">
		<property name="interceptorNames">
			<list>
				<idref local="transactionInterceptor"></idref>
			</list>
		</property>
		<property name="beanNames">
			<list>
				<idref local="bestellung"/>
				<idref local="kundeDAO"/>
				<idref local="wareDAO"/>
				<idref local="bestellungDAO"/>
			</list>
		</property>
	</bean>
	
	
</beans>