<?xml version="1.0" encoding="UTF-8"?>
<!DOCTYPE beans PUBLIC "-//SPRING//DTD BEAN//EN" "http://www.springframework.org/dtd/spring-beans-2.0.dtd">

<beans>
	<bean id="dataSource"
		class="org.apache.commons.dbcp.BasicDataSource"
		destroy-method="close">
		<property name="driverClassName" value="org.hsqldb.jdbcDriver" />
		<property name="url" value="jdbc:hsqldb:res:springbuchhsqldb" />
		<property name="username" value="sa" />
		<property name="password" value="" />
	</bean>
	<bean id="kundeDAO" class="springjdbcdao.KundeDAO" autowire="byName" />
	<bean id="bestellungDAO" class="springjdbcdao.BestellungDAO" autowire="byName" />
	<bean id="wareDAO" class="springjdbcdao.WareDAO" autowire="byName" />
	<bean id="dbLogInterceptor" class="aop.DBTraceInterceptor">
		<property name="dataSource" ref="dataSource" />
	</bean>
	<bean id="bestellung"
		class="org.springframework.aop.framework.ProxyFactoryBean">
		<property name="interceptorNames">
			<list>
				<value>dbLogInterceptor</value>
			</list>
		</property>
		<property name="target" ref="bestellungTarget" />
	</bean>
	<bean id="bestellungTarget"
		class="businessprocess.BestellungBusinessProcess">
		<constructor-arg ref="bestellungDAO" />
		<constructor-arg ref="kundeDAO" />
		<constructor-arg ref="wareDAO" />
	</bean>
</beans>