<?xml version="1.0" encoding="UTF-8"?>
<!DOCTYPE beans PUBLIC "-//SPRING//DTD BEAN//EN" "http://www.springframework.org/dtd/spring-beans-2.0.dtd">

<beans>

	<bean id="dataSource"
		class="org.apache.commons.dbcp.BasicDataSource"
		destroy-method="close">
		<property name="driverClassName" value="org.hsqldb.jdbcDriver" />
		<property name="url" value="jdbc:hsqldb:res:springbuchhsqldb" />
		<property name="username" value="sa" />
		<property name="password" value="" />
	</bean>

	<bean id="transactionManager"
		class="org.springframework.jdbc.datasource.DataSourceTransactionManager">
		<property name="dataSource" ref="dataSource" />
	</bean>

	<bean id="kundeDAO" class="springjdbcdao.KundeDAO">
		<constructor-arg ref="dataSource" />
	</bean>

	<bean id="bestellungDAO" class="springjdbcdao.BestellungDAO">
		<constructor-arg ref="wareDAO" />
		<constructor-arg ref="dataSource" />
		<constructor-arg ref="kundeDAO" />
	</bean>

	<bean id="wareDAO" class="springjdbcdao.WareDAO">
		<constructor-arg ref="dataSource" />
	</bean>

	<bean id="bestellung"
		class="businessprocess.BestellungBusinessProcess">
		<constructor-arg ref="bestellungDAO" />
		<constructor-arg ref="kundeDAO" />
		<constructor-arg ref="wareDAO" />
	</bean>

</beans>