<?xml version="1.0" encoding="UTF-8"?>
<!DOCTYPE beans PUBLIC "-//SPRING//DTD BEAN 2.0//EN" "http://www.springframework.org/dtd/spring-beans-2.0.dtd">
<beans>

	<bean id="autoProxyCreator"
		class="org.springframework.aop.framework.autoproxy.DefaultAdvisorAutoProxyCreator">
	</bean>

	<bean id="dataSource"
		class="org.apache.commons.dbcp.BasicDataSource"
		destroy-method="close">
		<property name="driverClassName" value="org.hsqldb.jdbcDriver" />
		<property name="url" value="jdbc:hsqldb:res:springbuchhsqldb" />
		<property name="username" value="sa" />
		<property name="password" value="" />
	</bean>

	<bean id="entityManagerFactory"
		class="org.springframework.orm.jpa.LocalContainerEntityManagerFactoryBean">
	 	<property name="dataSource" ref="dataSource" />
	 	<property name="jpaVendorAdapter">
			<bean
				class="org.springframework.orm.jpa.vendor.HibernateJpaVendorAdapter">
				<property name="database" value="HSQL" />
				<property name="generateDdl" value="true" />
				<property name="showSql" value="true" />
			</bean>
		</property>
	</bean>

	<bean id="kreditkartenautorisierer"
		class="businessprocess.EinfacherKreditkartenAutorisierer" />

	<bean id="transactionAdvisor"
		class="org.springframework.aop.support.RegexpMethodPointcutAdvisor">
		<property name="advice" ref="matchAllTxInterceptor" />
		<property name="patterns">
			<list>
				<value>businessprocess.*</value>
				<value>dao.I.*DAO.*</value>
			</list>
		</property>
	</bean>

	<bean id="transactionManager"
		class="org.springframework.orm.jpa.JpaTransactionManager">
		<property name="entityManagerFactory"
			ref="entityManagerFactory" />
	</bean>

	<bean id="matchAllWithPropReq"
		class="org.springframework.transaction.interceptor.MatchAlwaysTransactionAttributeSource">
		<property name="transactionAttribute"
			value="PROPAGATION_REQUIRED" />
	</bean>

	<bean id="matchAllTxInterceptor"
		class="org.springframework.transaction.interceptor.TransactionInterceptor">
		<property name="transactionManager" ref="transactionManager" />
		<property name="transactionAttributeSource"
			ref="matchAllWithPropReq" />
	</bean>

	<bean id="kundeDAO" class="jpadao.KundeDAO">
		<property name="entityManagerFactory"
			ref="entityManagerFactory" />
	</bean>

	<bean id="bestellungDAO" class="jpadao.BestellungDAO">
		<property name="entityManagerFactory"
			ref="entityManagerFactory" />
	</bean>

	<bean id="wareDAO" class="jpadao.WareDAO">
	</bean>

	<bean id="bestellung"
		class="businessprocess.BestellungBusinessProcess">
		<property name="bestellungDAO" ref="bestellungDAO" />
		<property name="kundeDAO" ref="kundeDAO" />
		<property name="wareDAO" ref="wareDAO" />
	</bean>

	<bean
		class="org.springframework.dao.annotation.PersistenceExceptionTranslationPostProcessor" />

	<bean
		class="org.springframework.orm.jpa.support.PersistenceAnnotationBeanPostProcessor" />

</beans>
