<?xml version="1.0" encoding="UTF-8"?>

<!DOCTYPE sqlMap PUBLIC "-//iBATIS.com//DTD SQL Map 2.0//EN" "http://www.ibatis.com/dtd/sql-map-2.dtd">

<sqlMap namespace="Ware">
	<resultMap id="result" class="businessobjects.Ware">
		<result property="id" column="ID" columnIndex="1"/>
		<result property="bezeichnung" column="BEZEICHNUNG" columnIndex="2"/>
		<result property="preis" column="PREIS" columnIndex="3"/>
	</resultMap>
	
	<select id="getWareAll" resultMap="result">
       SELECT W.ID as ID, BEZEICHNUNG, PREIS FROM WARE W
	</select>
	
	<select id="getWareByID" resultMap="result" parameterClass="int">
       SELECT W.ID as ID, BEZEICHNUNG, PREIS FROM WARE W WHERE W.ID=#id# 
	</select>

	<select id="getWareByBezeichnung" resultMap="result" parameterClass="string">
       SELECT W.ID as ID, BEZEICHNUNG, PREIS FROM WARE W WHERE W.BEZEICHNUNG=#bezeichnung# 
	</select>

	<delete id="deleteWareByBezeichnung" parameterClass="string">
       DELETE FROM WARE WHERE BEZEICHNUNG=#name#
	</delete>

	<delete id="deleteWareByID" parameterClass="int">
       DELETE FROM WARE WHERE ID=#id#
	</delete>
	
	<insert id="saveWare" parameterClass="businessobjects.Ware">
		INSERT INTO WARE(BEZEICHNUNG, PREIS ) VALUES(#bezeichnung#,#preis#)
		<selectKey resultClass="int" keyProperty="id">
			CALL IDENTITY()
		</selectKey>
	</insert>
	
	<update id="updateWare" parameterClass="businessobjects.Ware">
		UPDATE WARE SET BEZEICHNUNG=#bezeichnung#, PREIS=#preis# WHERE ID=#id#
	</update>

</sqlMap>