<?xml version="1.0" encoding="UTF-8"?>
<beans xmlns="http://www.springframework.org/schema/beans"
	xmlns:xsi="http://www.w3.org/2001/XMLSchema-instance"
	xsi:schemaLocation="http://www.springframework.org/schema/beans http://www.springframework.org/schema/beans/spring-beans.xsd
		http://www.springframework.org/schema/context http://www.springframework.org/schema/context/spring-context.xsd
		http://www.springframework.org/schema/tx http://www.springframework.org/schema/tx/spring-tx.xsd
		http://www.springframework.org/schema/util http://www.springframework.org/schema/util/spring-util.xsd"
	xmlns:context="http://www.springframework.org/schema/context" xmlns:tx="http://www.springframework.org/schema/tx"
	xmlns:util="http://www.springframework.org/schema/util">


	<context:load-time-weaver aspectj-weaving="on" />
	
	<tx:annotation-driven/>

	<bean id="entityManagerFactory" class="org.springframework.orm.jpa.LocalContainerEntityManagerFactoryBean">
		<property name="dataSource" ref="dataSource" />
		<property name="persistenceUnitName" value="SpringBuch" />
		<property name="jpaVendorAdapter">
			<bean class="org.springframework.orm.jpa.vendor.EclipseLinkJpaVendorAdapter">
				<property name="generateDdl" value="true" />
				<property name="showSql" value="true" />
				<property name="database">
					<util:constant static-field="org.springframework.orm.jpa.vendor.Database.HSQL" />
				</property>
			</bean>
		</property>
	</bean>

	<bean id="transactionManager" class="org.springframework.orm.jpa.JpaTransactionManager">
		<property name="entityManagerFactory" ref="entityManagerFactory" />
	</bean>

	<bean id="kundeDAO" class="jpadao.KundeDAO">
		<property name="entityManagerFactory" ref="entityManagerFactory" />
	</bean>

	<bean id="bestellungDAO" class="jpadao.BestellungDAO">
		<property name="entityManagerFactory" ref="entityManagerFactory" />
	</bean>

	<bean id="wareDAO" class="jpadao.WareDAO" />
	
	<bean
		class="org.springframework.dao.annotation.PersistenceExceptionTranslationPostProcessor" />

	<bean
		class="org.springframework.orm.jpa.support.PersistenceAnnotationBeanPostProcessor" />
</beans>
