<?xaml version="1.0" encoding="UTF-8"?>
<!DOCTYPE beans PUBLIC "-//SPRING//DTD BEAN//EN"
        "http://www.springframework.org/dtd/spring-beans-2.0.dtd">
<beans>

	<!-- Mapping, allerdings letzendlich ausgeschaltet. Nur Interceptoren  -->
	<bean id="payloadMapping"
		class="org.springframework.ws.server.endpoint.mapping.PayloadRootQNameEndpointMapping">
		<property name="defaultEndpoint" ref="bestellenEndpoint" />
		<property name="interceptors">
			<list>
				<ref local="validatingInterceptor" />
				<bean
					class="org.springframework.ws.server.endpoint.interceptor.PayloadLoggingInterceptor" />
			</list>
		</property>
	</bean>

	<bean id="bestellenEndpoint" class="webservice.BestellenEndpoint">
		<property name="bestellung" ref="bestellung" />
	</bean>

	<bean id="validatingInterceptor"
		class="org.springframework.ws.soap.server.endpoint.interceptor.PayloadValidatingInterceptor">
		<property name="schema" value="/einkaufswagen.xsd" />
		<property name="validateRequest" value="true" />
		<property name="validateResponse" value="true" />
	</bean>

	<bean id="einkaufswagen"
		class="org.springframework.ws.wsdl.wsdl11.DynamicWsdl11Definition">
		<property name="builder">
			<bean
				class="org.springframework.ws.wsdl.wsdl11.builder.XsdBasedSoap11Wsdl4jDefinitionBuilder">
				<property name="schema" value="/einkaufswagen.xsd" />
				<property name="portTypeName" value="BestellenPortType" />
				<property name="locationUri"
					value="http://localhost:8080/springbuchws/services" />
			</bean>
		</property>
	</bean>
	
	<bean class="org.springframework.ws.soap.server.endpoint.SimpleSoapExceptionResolver" />

</beans>