<?xml version="1.0" encoding="UTF-8"?>
<beans xmlns="http://www.springframework.org/schema/beans"
	xmlns:xsi="http://www.w3.org/2001/XMLSchema-instance"
	xmlns:aop="http://www.springframework.org/schema/aop"
	xsi:schemaLocation="http://www.springframework.org/schema/beans
    http://www.springframework.org/schema/beans/spring-beans-3.0.xsd
    http://www.springframework.org/schema/aop
    http://www.springframework.org/schema/aop/spring-aop-3.0.xsd">

	<bean id="bestellung"
		class="businessprocess.BestellungBusinessProcess" />

	<bean id="afterAdviceBean"
		class="purejavaadvice.AfterDBTraceInterceptor" />


	<aop:config>
		<aop:aspect ref="afterAdviceBean">
			<aop:after-returning method="nachBestellen"
				pointcut="execution(void businessprocess.BestellungBusinessProcess.bestellen(businessobjects.Einkaufswagen)) and args(e)" arg-names="e"/>
			<aop:after-throwing method="nachBestellenException"
				throwing="ex"
				pointcut="execution(void businessprocess.BestellungBusinessProcess.bestellen(businessobjects.Einkaufswagen))" />
		</aop:aspect>
	</aop:config>

</beans>
