<?xml version="1.0" encoding="UTF-8"?>
<beans xmlns="http://www.springframework.org/schema/beans"
	xmlns:xsi="http://www.w3.org/2001/XMLSchema-instance"
	xsi:schemaLocation="http://www.springframework.org/schema/beans http://www.springframework.org/schema/beans/spring-beans-3.0.xsd
		http://www.springframework.org/schema/context http://www.springframework.org/schema/context/spring-context-2.5.xsd
		http://www.springframework.org/schema/mvc http://www.springframework.org/schema/mvc/spring-mvc.xsd
		http://www.springframework.org/schema/tx http://www.springframework.org/schema/tx/spring-tx-3.0.xsd"
	xmlns:context="http://www.springframework.org/schema/context"
	xmlns:mvc="http://www.springframework.org/schema/mvc"
	xmlns:tx="http://www.springframework.org/schema/tx">

	<context:component-scan base-package="de.spring_buch.rest" />

	<bean
		class="org.springframework.web.servlet.view.ContentNegotiatingViewResolver">
		<property name="favorPathExtension" value="true" />
	</bean>

	<bean class="org.springframework.web.servlet.view.BeanNameViewResolver">
		<property name="order" value="1" />
	</bean>

	<bean
		class="org.springframework.web.servlet.view.InternalResourceViewResolver">
		<property name="prefix" value="/WEB-INF/jsp/" />
		<property name="suffix" value=".jsp" />
		<property name="order" value="2" />
	</bean>

	<bean class="org.springframework.web.servlet.view.XmlViewResolver">
		<property name="location" value="/WEB-INF/atomviews.xml" />
		<property name="order" value="3" />
	</bean>

	<bean id="kundenListe"
		class="org.springframework.web.servlet.view.xml.MarshallingView">
		<property name="marshaller" ref="marshaller" />
		<property name="modelKey" value="kundenListe" />
	</bean>

	<bean id="kunde" parent="kundenListe">
		<property name="modelKey" value="kunde" />
	</bean>

	<import resource="classpath:marshaller.xml" />

</beans>
