<?xml version="1.0" encoding="UTF-8"?>

<beans xmlns:xsi="http://www.w3.org/2001/XMLSchema-instance"
	xmlns="http://www.springframework.org/schema/beans"
	xsi:schemaLocation="http://www.springframework.org/schema/beans http://www.springframework.org/schema/beans/spring-beans.xsd">

	<bean id="mailSender"
		class="org.springframework.mail.javamail.JavaMailSenderImpl">
		<property name="host" value="localhost" />
	</bean>

	<bean id="mailMessage"
		class="org.springframework.mail.SimpleMailMessage">
		<property name="from" value="info@spring-buch.de" />
		<property name="subject" value="Demo" />
	</bean>

	<bean id="demoMailSender" class="springmail.DemoMailSender">
		<property name="mailSender" ref="mailSender" />
		<property name="mailMessage" ref="mailMessage" />
	</bean>

</beans>