<?xml version="1.0" encoding="UTF-8"?>
<!DOCTYPE beans PUBLIC "-//SPRING//DTD BEAN//EN" "http://www.springframework.org/dtd/spring-beans-2.0.dtd">

<beans>
	
	<bean id="datasource"
		class="org.apache.commons.dbcp.BasicDataSource"
		destroy-method="close">
		<property name="driverClassName" value="org.hsqldb.jdbcDriver" />
		<property name="url" value="jdbc:hsqldb:res:springbuchhsqldb" />
		<property name="username" value="sa" />
		<property name="password" value="" />
	</bean>

	<bean id="transactionmanager"
		class="org.springframework.jdbc.datasource.DataSourceTransactionManager">
		<property name="dataSource" ref="datasource"/>
	</bean>
	
	<bean id="kundeDAO" class="springjdbcdao.KundeDAO">
		<property name="dataSource" ref="datasource"/>
	</bean>
	
	<bean id="bestellungDAO" class="springjdbcdao.BestellungDAO">
		<property name="dataSource" ref="datasource"/>
		<property name="kundeDAO" ref="kundeDAO"/>
		<property name="wareDAO" ref="wareDAO"/>
	</bean>
	
	<bean id="wareDAO" class="springjdbcdao.WareDAO">
 		<property name="dataSource" ref="datasource"/>
	</bean>
	
	<bean id="bestellung" class="businessprocess.BestellungBusinessProcess">
		<property name="bestellungDAO" ref="bestellungDAO"/>
		<property name="kundeDAO" ref="kundeDAO"/>
		<property name="wareDAO" ref="wareDAO"/>
	</bean>
	
	<bean id="transactionAttributeSource"
		class="org.springframework.transaction.interceptor.NameMatchTransactionAttributeSource">
		<property name="nameMap">
			<map>
				<entry key="bestellen*"
					value="PROPAGATION_REQUIRED"/>
				<entry key="save" value="PROPAGATION_REQUIRED"/>
				<entry key="getBy*" value="PROPAGATION_REQUIRED"/>
				<entry key="deleteBy*" value="PROPAGATION_REQUIRED"/>
				<entry key="update" value="PROPAGATION_REQUIRED"/>
			</map>
		</property>
	</bean>
	<bean id="transactionInterceptor"
		class="org.springframework.transaction.interceptor.TransactionInterceptor">
		<property name="transactionManager" ref="transactionmanager"/>
		<property name="transactionAttributeSource"
			ref="transactionAttributeSource"/>
	</bean>
	<bean id="autoProxyCreator"
		class="org.springframework.aop.framework.autoproxy.BeanNameAutoProxyCreator">
		<property name="interceptorNames">
			<list>
				<idref local="transactionInterceptor"></idref>
			</list>
		</property>
		<property name="beanNames">
			<list>
				<idref local="bestellung"/>
				<idref local="kundeDAO"/>
				<idref local="wareDAO"/>
				<idref local="bestellungDAO"/>
			</list>
		</property>
	</bean>
	
</beans>
