<?xml version="1.0" encoding="UTF-8"?>
<!DOCTYPE beans PUBLIC "-//SPRING//DTD BEAN//EN" "http://www.springframework.org/dtd/spring-beans-2.0.dtd">

<beans>
	<bean name="/kundeDAOXFire"
		class="org.codehaus.xfire.spring.remoting.XFireExporter">
		<property name="serviceBean" ref="kundeDAO" />
		<property name="serviceClass" value="dao.IKundeDAO" />
		<property name="serviceFactory" ref="xfire.serviceFactory" />
		<property name="xfire" ref="xfire" />
	</bean>

	<bean name="/kundeDAOHessian"
		class="org.springframework.remoting.caucho.HessianServiceExporter">
		<property name="service" ref="kundeDAO" />
		<property name="serviceInterface" value="dao.IKundeDAO" />
	</bean>

	<bean name="/kundeDAOBurlap"
		class="org.springframework.remoting.caucho.BurlapServiceExporter">
		<property name="service" ref="kundeDAO" />
		<property name="serviceInterface" value="dao.IKundeDAO" />
	</bean>

	<bean name="/kundeDAOSpring"
		class="org.springframework.remoting.httpinvoker.HttpInvokerServiceExporter">
		<property name="service" ref="kundeDAO" />
		<property name="serviceInterface" value="dao.IKundeDAO" />
	</bean>

	<bean name="/wareDAOXFire"
		class="org.codehaus.xfire.spring.remoting.XFireExporter">
		<property name="serviceBean" ref="wareDAO" />
		<property name="serviceClass" value="dao.IWareDAO" />
		<property name="serviceFactory" ref="xfire.serviceFactory" />
		<property name="xfire" ref="xfire" />
	</bean>

	<bean name="/wareDAOHessian"
		class="org.springframework.remoting.caucho.HessianServiceExporter">
		<property name="service" ref="wareDAO" />
		<property name="serviceInterface" value="dao.IWareDAO" />
	</bean>

	<bean name="/wareDAOBurlap"
		class="org.springframework.remoting.caucho.BurlapServiceExporter">
		<property name="service" ref="wareDAO" />
		<property name="serviceInterface" value="dao.IWareDAO" />
	</bean>

	<bean name="/wareDAOSpring"
		class="org.springframework.remoting.httpinvoker.HttpInvokerServiceExporter">
		<property name="service" ref="wareDAO" />
		<property name="serviceInterface" value="dao.IWareDAO" />
	</bean>

	<bean name="/bestellungDAOXFire"
		class="org.codehaus.xfire.spring.remoting.XFireExporter">
		<property name="serviceBean" ref="bestellungDAO" />
		<property name="serviceClass" value="dao.IBestellungDAO" />
		<property name="serviceFactory" ref="xfire.serviceFactory" />
		<property name="xfire" ref="xfire" />
	</bean>

	<bean name="/bestellungDAOHessian"
		class="org.springframework.remoting.caucho.HessianServiceExporter">
		<property name="service" ref="bestellungDAO" />
		<property name="serviceInterface" value="dao.IBestellungDAO" />
	</bean>

	<bean name="/bestellungDAOBurlap"
		class="org.springframework.remoting.caucho.BurlapServiceExporter">
		<property name="service" ref="bestellungDAO" />
		<property name="serviceInterface" value="dao.IBestellungDAO" />
	</bean>

	<bean name="/bestellungDAOSpring"
		class="org.springframework.remoting.httpinvoker.HttpInvokerServiceExporter">
		<property name="service" ref="bestellungDAO" />
		<property name="serviceInterface" value="dao.IBestellungDAO" />
	</bean>

	<bean name="/bestellungXFire"
		class="org.codehaus.xfire.spring.remoting.XFireExporter">
		<property name="serviceBean" ref="bestellung" />
		<property name="serviceClass"
			value="businessprocess.IBestellungBusinessProcess" />
		<property name="serviceFactory" ref="xfire.serviceFactory" />
		<property name="xfire" ref="xfire" />
	</bean>

	<bean name="/bestellungHessian"
		class="org.springframework.remoting.caucho.HessianServiceExporter">
		<property name="service" ref="bestellung" />
		<property name="serviceInterface"
			value="businessprocess.IBestellungBusinessProcess" />
	</bean>

	<bean name="/bestellungBurlap"
		class="org.springframework.remoting.caucho.BurlapServiceExporter">
		<property name="service" ref="bestellung" />
		<property name="serviceInterface"
			value="businessprocess.IBestellungBusinessProcess" />
	</bean>

	<bean name="/bestellungSpring"
		class="org.springframework.remoting.httpinvoker.HttpInvokerServiceExporter">
		<property name="service" ref="bestellung" />
		<property name="serviceInterface"
			value="businessprocess.IBestellungBusinessProcess" />
	</bean>

	<bean
		class="org.springframework.web.servlet.handler.BeanNameUrlHandlerMapping" />


</beans>
