<?xml version="1.0" encoding="UTF-8"?>
<!DOCTYPE beans PUBLIC "-//SPRING//DTD BEAN//EN" "http://www.springframework.org/dtd/spring-beans-2.0.dtd">

<beans>

	<bean name="/Create" class="web.kunde.KundeCreateController">
		<property name="kundeDAO" ref="kundeDAO" />
		<property name="formView" value="kundeForm" />
		<property name="successView" value="kundeCreated" />
		<property name="validator">
			<bean class="web.kunde.KundeValidator" />
		</property>
	</bean>

	<bean name="/Bestellung"
		class="web.einfachebestellung.EinfacheBestellungController">
		<property name="bestellung" ref="bestellung" />
		<property name="pages">
			<list>
				<value>bestellungKundeID</value>
				<value>bestellungWare</value>
			</list>
		</property>
		<property name="successView" value="bestellungSuccess" />
		<property name="exceptionView" value="bestellungException" />
		<property name="cancelView" value="bestellungCancel" />
	</bean>

	<bean name="/DeleteById"
		class="web.kunde.KundeDeleteByIdController">
		<property name="kundeDAO" ref="kundeDAO" />
		<property name="formView" value="idForm" />
		<property name="successView" value="success" />
	</bean>

	<bean name="/DeleteByName"
		class="web.kunde.KundeDeleteByNameController">
		<property name="kundeDAO" ref="kundeDAO" />
		<property name="formView" value="nameForm" />
		<property name="successView" value="success" />
	</bean>

	<bean name="/FindById" class="web.kunde.KundeFindByIdController">
		<property name="kundeDAO" ref="kundeDAO" />
		<property name="formView" value="idForm" />
		<property name="successView" value="kundenListe" />
	</bean>

	<bean name="/FindByName"
		class="web.kunde.KundeFindByNameController">
		<property name="kundeDAO" ref="kundeDAO" />
		<property name="formView" value="nameForm" />
		<property name="successView" value="kundenListe" />
	</bean>

	<bean name="/Ware" class="web.ware.WareController">
		<property name="methodNameResolver">
			<bean
				class="org.springframework.web.servlet.mvc.multiaction.ParameterMethodNameResolver">
				<property name="paramName" value="method" />
			</bean>
		</property>
		<property name="successView" value="success" />
		<property name="wareListeView" value="wareListe" />
		<property name="wareDAO" ref="wareDAO" />
	</bean>

	<bean name="/Liste" class="web.kunde.KundeListController">
		<property name="kundeDAO" ref="kundeDAO" />
	</bean>

	<bean name="/ListeExcel.xls"
		class="web.kunde.KundeListController">
		<property name="kundeDAO" ref="kundeDAO" />
		<property name="view" value="kundenListeExcel" />
	</bean>

	<bean name="/ListeXSLT" class="web.kunde.KundeListController">
		<property name="kundeDAO" ref="kundeDAO" />
		<property name="view" value="kundenListeXSLT" />
	</bean>

	<bean name="/ListePDF.pdf" class="web.kunde.KundeListController">
		<property name="kundeDAO" ref="kundeDAO" />
		<property name="view" value="kundenListePDF" />
	</bean>

	<bean id="viewResolver"
		class="org.springframework.web.servlet.view.InternalResourceViewResolver">
		<property name="prefix" value="/WEB-INF/jsp/" />
		<property name="suffix" value=".jsp" />
	</bean>

	<bean id="excelViewResolver"
		class="org.springframework.web.servlet.view.XmlViewResolver">
		<property name="order" value="1" />
		<property name="location" value="/WEB-INF/excelviews.xml" />
	</bean>

	<bean id="pdfViewResolver"
		class="org.springframework.web.servlet.view.ResourceBundleViewResolver">
		<property name="order" value="2" />
		<property name="basenames">
			<list>
				<value>views</value>
			</list>
		</property>
	</bean>

	<bean class="web.ExceptionResolver" />
	
	<bean class="org.springframework.web.servlet.handler.BeanNameUrlHandlerMapping" />

</beans>
