<?xml version="1.0" encoding="UTF-8"?>
<!DOCTYPE beans PUBLIC "-//SPRING//DTD BEAN//EN" "http://www.springframework.org/dtd/spring-beans-2.0.dtd">
<beans>

	<!-- Authentifizierung -->

	<bean id="userDetailsService"
		class="org.acegisecurity.userdetails.memory.InMemoryDaoImpl">
		<property name="userMap">
			<value>
				wolff=wolff,ROLE_USER,ROLE_ADMIN
				spring=spring,ROLE_USER
			</value>
		</property>
	</bean>
	
	<bean id="authenticationProviderDAO"
		class="org.acegisecurity.providers.dao.DaoAuthenticationProvider">
		<property name="userDetailsService" ref="userDetailsService" />
	</bean>

	<bean id="authenticationManager"
		class="org.acegisecurity.providers.ProviderManager">
		<property name="providers" ref="authenticationProviderDAO" />
	</bean>

	<!-- Authorisierung -->

	<bean id="roleVoter" class="org.acegisecurity.vote.RoleVoter" />

	<bean id="accessDecisionManager"
		class="org.acegisecurity.vote.AffirmativeBased">
		<property name="decisionVoters">
			<list>
				<ref local="roleVoter" />
			</list>
		</property>
	</bean>

	<!-- Web Schicht Filter -->
	
	<bean id="filterSecurityInterceptor"
		class="org.acegisecurity.intercept.web.FilterSecurityInterceptor">
		<property name="authenticationManager"
			ref="authenticationManager" />
		<property name="accessDecisionManager"
			ref="accessDecisionManager" />
		<property name="objectDefinitionSource">
			<value>
				CONVERT_URL_TO_LOWERCASE_BEFORE_COMPARISON
				PATTERN_TYPE_APACHE_ANT
				/springbuchweb/liste*=ROLE_ADMIN
				/springbuchweb/**=ROLE_USER
			</value>
		</property>
	</bean>

	<!-- Web Schnittstelle -->
	
	<bean id="exceptionTranslationFilter"
		class="org.acegisecurity.ui.ExceptionTranslationFilter">
		<property name="authenticationEntryPoint"
			ref="authenticationEntryPoint" />
	</bean>

	<bean id="authenticationEntryPoint"
		class="org.acegisecurity.ui.webapp.AuthenticationProcessingFilterEntryPoint">
		<property name="loginFormUrl" value="/login.jsp" />
		<property name="forceHttps" value="false" />
	</bean>

	<bean id="authenticationProcessingFilter"
		class="org.acegisecurity.ui.webapp.AuthenticationProcessingFilter">
		<property name="authenticationManager"
			ref="authenticationManager" />
		<property name="authenticationFailureUrl" value="/login.jsp" />
		<property name="defaultTargetUrl" value="/" />
	</bean>

	<bean id="httpSessionContextIntegrationFilter"
		class="org.acegisecurity.context.HttpSessionContextIntegrationFilter">
		<property name="context"
			value="org.acegisecurity.context.SecurityContextImpl" />
	</bean>

	<bean id="filterChainProxy"
		class="org.acegisecurity.util.FilterChainProxy">
		<property name="filterInvocationDefinitionSource">
			<value>
				CONVERT_URL_TO_LOWERCASE_BEFORE_COMPARISON
				PATTERN_TYPE_APACHE_ANT
				/**=httpSessionContextIntegrationFilter,authenticationProcessingFilter,exceptionTranslationFilter,filterSecurityInterceptor
			</value>
		</property>
	</bean>


	<!-- ACL Datenverwaltung -->
	
	<bean id="org.acegisecurity.acl.basic.SimpleAclEntry.WRITE"
		class="org.springframework.beans.factory.config.FieldRetrievingFactoryBean">
		<property name="staticField"
			value="org.acegisecurity.acl.basic.SimpleAclEntry.WRITE" />
	</bean>

	<bean id="org.acegisecurity.acl.basic.SimpleAclEntry.READ"
		class="org.springframework.beans.factory.config.FieldRetrievingFactoryBean">
		<property name="staticField"
			value="org.acegisecurity.acl.basic.SimpleAclEntry.READ" />
	</bean>

	<bean id="kundeAclProvider" class="security.KundeAclProvider" />

	<bean id="aclProviderManager"
		class="org.acegisecurity.acl.AclProviderManager">
		<property name="providers">
			<list>
				<ref local="kundeAclProvider" />
			</list>
		</property>
	</bean>

	<bean id="aclKundeWriteVoter"
		class="org.acegisecurity.vote.BasicAclEntryVoter">
		<property name="processConfigAttribute">
			<value>ACL_KUNDE_WRITE</value>
		</property>
		<property name="processDomainObjectClass"
			value="businessobjects.Kunde" />
		<property name="aclManager" ref="aclProviderManager" />
		<property name="requirePermission">
			<list>
				<ref
					local="org.acegisecurity.acl.basic.SimpleAclEntry.WRITE" />
			</list>
		</property>
	</bean>

	<bean id="aclAccessDecisionManager"
		class="org.acegisecurity.vote.AffirmativeBased">
		<property name="decisionVoters">
			<list>
				<ref local="aclKundeWriteVoter" />
				<ref local="roleVoter" />
			</list>
		</property>
	</bean>

	<!-- After Invocation Filter -->

	<bean id="afterInvocationManager"
		class="org.acegisecurity.afterinvocation.AfterInvocationProviderManager">
		<property name="providers">
			<list>
				<ref local="afterAclRead" />
				<ref local="afterAclCollectionRead" />
			</list>
		</property>
	</bean>

	<bean id="afterAclCollectionRead"
		class="org.acegisecurity.afterinvocation.BasicAclEntryAfterInvocationCollectionFilteringProvider">
		<property name="aclManager" ref="aclProviderManager" />
		<property name="requirePermission">
			<list>
				<ref
					local="org.acegisecurity.acl.basic.SimpleAclEntry.READ" />
			</list>
		</property>
	</bean>

	<bean id="afterAclRead"
		class="org.acegisecurity.afterinvocation.BasicAclEntryAfterInvocationProvider">
		<property name="aclManager" ref="aclProviderManager" />
		<property name="requirePermission">
			<list>
				<ref
					local="org.acegisecurity.acl.basic.SimpleAclEntry.READ" />
			</list>
		</property>
	</bean>

	<!-- Zentraler Interceptor -->

	<bean id="kundeSecurityInterceptor"
		class="org.acegisecurity.intercept.method.aopalliance.MethodSecurityInterceptor">
		<property name="authenticationManager"
			ref="authenticationManager" />
		<property name="afterInvocationManager"
			ref="afterInvocationManager" />
		<property name="accessDecisionManager"
			ref="aclAccessDecisionManager" />
		<property name="objectDefinitionSource">
			<value>
				dao.IKundeDAO.update=ACL_KUNDE_WRITE
				dao.IKundeDAO.save=ACL_KUNDE_WRITE
				dao.IKundeDAO.getAll=ROLE_USER,AFTER_ACL_COLLECTION_READ
				dao.IKundeDAO.getByID=ROLE_USER,AFTER_ACL_READ
				dao.IKundeDAO.getByName=ROLE_USER,AFTER_ACL_READ
			</value>
		</property>
	</bean>

</beans>