<?xml version="1.0" encoding="UTF-8"?>
<!DOCTYPE beans PUBLIC "-//SPRING//DTD BEAN//EN" "http://www.springframework.org/dtd/spring-beans-2.0.dtd">

<beans>

	<import resource="applicationContext.xml" />

	<bean id="autoProxyCreator"
		class="org.springframework.aop.framework.autoproxy.BeanNameAutoProxyCreator">
		<property name="interceptorNames">
			<list>
				<idref bean="kundeSecurityInterceptor" />
			</list>
		</property>
		<property name="beanNames">
			<list>
				<idref bean="bestellung" />
				<idref bean="kundeDAO" />
				<idref bean="wareDAO" />
				<idref bean="bestellungDAO" />
			</list>
		</property>
	</bean>

	<bean id="debugInterceptor"
		class="org.springframework.aop.interceptor.DebugInterceptor" />

</beans>
