<?xml version="1.0" encoding="UTF-8"?>

<beans xmlns="http://www.springframework.org/schema/beans"
	xmlns:xsi="http://www.w3.org/2001/XMLSchema-instance"
	xmlns:aop="http://www.springframework.org/schema/aop"
	xsi:schemaLocation="http://www.springframework.org/schema/aop http://www.springframework.org/schema/aop/spring-aop.xsd
		http://www.springframework.org/schema/beans http://www.springframework.org/schema/beans/spring-beans.xsd
		http://www.springframework.org/schema/util http://www.springframework.org/schema/util/spring-util.xsd"
	xmlns:util="http://www.springframework.org/schema/util">

	<bean id="manuell" class="springperformance.Manuell">
		<property name="name" value="manuell" />
	</bean>

	<bean id="AspectJMitInfos" class="springperformance.AspectJLogging">
		<property name="name" value="AspectJMitInfos" />
	</bean>

	<bean id="aspectJLoggingOhneInfos" class="springperformance.AspectJLoggingOhneInfos">
		<property name="name" value="AspectJLoggingOhneInfos" />
	</bean>

	<bean id="CGLIBOhneInfos" class="org.springframework.aop.framework.ProxyFactoryBean">
		<property name="target">
			<bean class="springperformance.NoLogging">
				<property name="name" value="CGLIBOhneInfos" />
			</bean>
		</property>
		<property name="proxyTargetClass" value="true" />
		<property name="frozen" value="true" />
		<property name="interceptorNames">
			<list>
				<value>debugInterceptor</value>
			</list>
		</property>
		<property name="optimize" value="true" />
	</bean>

	<bean id="DynamicProxyOhneInfos" class="org.springframework.aop.framework.ProxyFactoryBean">
		<property name="frozen" value="true" />
		<property name="target">
			<bean class="springperformance.NoLogging">
				<property name="name" value="DynamicProxyOhneInfos" />
			</bean>
		</property>
		<property name="interceptorNames">
			<list>
				<value>debugInterceptor</value>
			</list>
		</property>
	</bean>

	<bean id="CGLIBmitInfos" class="org.springframework.aop.framework.ProxyFactoryBean">
		<property name="frozen" value="true" />
		<property name="target">
			<bean class="springperformance.NoLogging">
				<property name="name" value="CGLIBmitInfos" />
			</bean>
		</property>
		<property name="proxyTargetClass" value="true" />
		<property name="interceptorNames">
			<list>
				<value>chattyDebugInterceptor</value>
			</list>
		</property>
		<property name="optimize" value="true" />
	</bean>

	<bean id="DynamicProxymitInfo" class="org.springframework.aop.framework.ProxyFactoryBean">
		<property name="frozen" value="true" />
		<property name="target">
			<bean class="springperformance.NoLogging">
				<property name="name" value="DynamicProxymitInfo" />
			</bean>
		</property>
		<property name="interceptorNames">
			<list>
				<value>chattyDebugInterceptor</value>
			</list>
		</property>
	</bean>

	<bean id="debugInterceptor" class="springperformance.MyInterceptor">
	</bean>

	<bean id="chattyDebugInterceptor" class="org.springframework.aop.interceptor.SimpleTraceInterceptor" />

	<bean id="performanceMain" class="springperformance.PerformanceMain">
		<property name="beans">
			<list>
				<ref local="manuell" />
				<ref local="CGLIBOhneInfos" />
				<ref local="DynamicProxyOhneInfos" />
				<ref local="aspectJLoggingOhneInfos" />
				<ref local="CGLIBmitInfos" />
				<ref local="DynamicProxymitInfo" />
				<ref local="AspectJMitInfos" />
			</list>
		</property>
		<property name="iterations" value="100000" />
	</bean>

</beans>
