<?xml version="1.0" encoding="ISO-8859-1"?>
<!DOCTYPE struts-config PUBLIC
          "-//Apache Software Foundation//DTD Struts Configuration 1.1//EN"
          "http://jakarta.apache.org/struts/dtds/struts-config_1_1.dtd">

<struts-config>
	
	<form-beans>
		<form-bean name="kundeCreateForm" type="web.kunde.KundeCreateActionForm"/>
	</form-beans>
	
	<action-mappings>
		<action path="/kundeCreate" name="kundeCreateForm" scope="session"
			validate="true" input="/jsp/kundeForm.jsp">
			<forward name="kundeCreated" path="/jsp/kundeCreated.jsp"/>
		</action>
		<!--		<action path="/kundeCreate"
		type="org.springframework.web.struts.DelegatingActionProxy"
		name="kundeCreateForm" scope="session"
			validate="true" input="/jsp/kundeForm.jsp">
			<forward name="kundeCreated" path="/jsp/kundeCreated.jsp"/>
		</action> -->
	</action-mappings>
	
	<controller nocache="true"
		processorClass="org.springframework.web.struts.DelegatingRequestProcessor"/>
	
	<message-resources parameter="web.kunde.ApplicationResources"/>
	
	<plug-in className="org.springframework.web.struts.ContextLoaderPlugIn"/>
	
</struts-config>
