<?xml version="1.0" encoding="UTF-8"?>

<beans xmlns="http://www.springframework.org/schema/beans"
	xmlns:xsi="http://www.w3.org/2001/XMLSchema-instance"
	xsi:schemaLocation="http://www.springframework.org/schema/beans http://www.springframework.org/schema/beans/spring-beans.xsd">
	<bean id="kundeDAO"
		class="org.springframework.remoting.rmi.RmiProxyFactoryBean">
		<property name="serviceUrl" value="rmi://localhost:1099/kundeDAO" />
		<property name="serviceInterface" value="dao.IKundeDAO" />
	</bean>
	<bean id="bestellungDAO" 
		class="org.springframework.remoting.rmi.RmiProxyFactoryBean">
		<property name="serviceUrl" value="rmi://localhost:1099/bestellungDAO" />
		<property name="serviceInterface" value="dao.IBestellungDAO" />
	</bean>
	<bean id="wareDAO" 
		class="org.springframework.remoting.rmi.RmiProxyFactoryBean">
		<property name="serviceUrl" value="rmi://localhost:1099/wareDAO" />
		<property name="serviceInterface" value="dao.IWareDAO" />
	</bean>
	<bean id="bestellung"
		class="org.springframework.remoting.rmi.RmiProxyFactoryBean">
		<property name="serviceUrl" value="rmi://localhost:1099/bestellung"/>
		<property name="serviceInterface" value="businessprocess.IBestellungBusinessProcess" />
	</bean>
</beans>
