<?xml version="1.0" encoding="UTF-8"?>

<beans xmlns="http://www.springframework.org/schema/beans"
	xmlns:xsi="http://www.w3.org/2001/XMLSchema-instance"
	xsi:schemaLocation="http://www.springframework.org/schema/beans http://www.springframework.org/schema/beans/spring-beans.xsd">
	
	<bean id="wareDAO"
		class="org.springframework.remoting.httpinvoker.HttpInvokerProxyFactoryBean">
		<property name="serviceUrl" value="http://localhost:8080/remoting/wareDAOSpring" />
		<property name="serviceInterface" value="dao.IWareDAO" />
	</bean>
	
	<bean id="kundeDAO"
		class="org.springframework.remoting.httpinvoker.HttpInvokerProxyFactoryBean">
		<property name="serviceUrl" value="http://localhost:8080/remoting/kundeDAOSpring" />
		<property name="serviceInterface" value="dao.IKundeDAO" />
	</bean>
	
	<bean id="bestellungDAO"
		class="org.springframework.remoting.httpinvoker.HttpInvokerProxyFactoryBean">
		<property name="serviceUrl" value="http://localhost:8080/remoting/bestellungDAOSpring" />
		<property name="serviceInterface" value="dao.IBestellungDAO" />
	</bean>
	
	<bean id="bestellung"
		class="org.springframework.remoting.httpinvoker.HttpInvokerProxyFactoryBean">
		<property name="serviceUrl" value="http://localhost:8080/remoting/bestellungSpring" />
		<property name="serviceInterface" value="businessprocess.IBestellungBusinessProcess" />
	</bean>
	
</beans>
