<?xml version="1.0" encoding="UTF-8"?>

<beans xmlns="http://www.springframework.org/schema/beans"
	xmlns:xsi="http://www.w3.org/2001/XMLSchema-instance" xmlns:aop="http://www.springframework.org/schema/aop"
	xsi:schemaLocation="http://www.springframework.org/schema/aop http://www.springframework.org/schema/aop/spring-aop.xsd
		http://www.springframework.org/schema/beans http://www.springframework.org/schema/beans/spring-beans.xsd
		http://www.springframework.org/schema/jdbc http://www.springframework.org/schema/jdbc/spring-jdbc.xsd
		http://www.springframework.org/schema/tx http://www.springframework.org/schema/tx/spring-tx.xsd"
	xmlns:jdbc="http://www.springframework.org/schema/jdbc" xmlns:tx="http://www.springframework.org/schema/tx">

	<jdbc:embedded-database id="dataSource" type="HSQL">
		<jdbc:script location="classpath:init.sql" />
		<jdbc:script location="classpath:data.sql" />
	</jdbc:embedded-database>

	<bean id="transactionManager"
		class="org.springframework.jdbc.datasource.DataSourceTransactionManager">
		<property name="dataSource" ref="dataSource" />
	</bean>

	<aop:config>
		<aop:advisor advice-ref="txAdvice"
			pointcut="execution(* springjdbcdao.*+.*(..))|| execution(* businessprocess.*+.*(..))" />
	</aop:config>

	<tx:advice id="txAdvice">
		<tx:attributes>
			<tx:method name="*" propagation="REQUIRED" />
		</tx:attributes>
	</tx:advice>

	<bean id="template" class="org.springframework.jdbc.core.JdbcTemplate">
		<property name="dataSource" ref="dataSource" />
	</bean>

	<bean id="kreditkartenauthorisierer" class="businessprocess.EinfacherKreditkartenAutorisierer" />

	<bean id="kundeDAO" class="springjdbcdao.KundeDAO">
		<property name="jdbcTemplate" ref="template" />
	</bean>

	<bean id="bestellungDAO" class="springjdbcdao.BestellungDAO">
		<property name="dataSource" ref="dataSource" />
		<property name="kundeDAO" ref="kundeDAO" />
		<property name="wareDAO" ref="wareDAO" />
	</bean>

	<bean id="wareDAO" class="springjdbcdao.WareDAO">
		<property name="jdbcTemplate" ref="template" />
	</bean>

	<bean id="bestellung" class="businessprocess.BestellungBusinessProcess">
		<property name="bestellungDAO" ref="bestellungDAO" />
		<property name="kundeDAO" ref="kundeDAO" />
		<property name="wareDAO" ref="wareDAO" />
	</bean>

</beans>
