<?xml version="1.0" encoding="UTF-8"?>
<!DOCTYPE beans PUBLIC "-//SPRING//DTD BEAN//EN" "http://www.springframework.org/dtd/spring-beans-2.0.dtd">

<beans>

	<bean id="connectionFactory"
		class="org.apache.activemq.ActiveMQConnectionFactory">
		<!-- Allow us to close down without blocking -->
		<property name="closeTimeout" value="100" />
		<property name="brokerURL">
			<!--value>tcp://localhost:61616</value-->
			<value>vm://localhost</value>
		</property>
	</bean>

	<!-- Send Receive -->

	<bean id="jmsTemplateSend"
		class="org.springframework.jms.core.JmsTemplate">
		<property name="connectionFactory" ref="connectionFactory" />
		<property name="defaultDestinationName" value="SendReceive" />
		<property name="messageConverter">
			<bean
				class="org.springframework.jms.support.converter.SimpleMessageConverter" />
		</property>
	</bean>

	<bean id="jmsTemplateReceive"
		class="org.springframework.jms.core.JmsTemplate">
		<property name="connectionFactory" ref="connectionFactory" />
		<property name="defaultDestinationName" value="SendReceive" />
		<property name="messageConverter">
			<bean
				class="org.springframework.jms.support.converter.SimpleMessageConverter" />
		</property>
	</bean>

	<!-- MessageHandler -->

	<bean id="jmsTemplateMessageHandler"
		class="org.springframework.jms.core.JmsTemplate">
		<property name="connectionFactory" ref="connectionFactory" />
		<property name="defaultDestinationName" value="MessageHandler" />
		<property name="messageConverter">
			<bean
				class="org.springframework.jms.support.converter.SimpleMessageConverter" />
		</property>
	</bean>

	<bean id="jmsContainerMessageHandler"
		class="org.springframework.jms.listener.SimpleMessageListenerContainer">
		<property name="concurrentConsumers" value="6" />
		<property name="connectionFactory" ref="connectionFactory" />
		<property name="destinationName" value="MessageHandler" />
		<property name="messageListener" ref="messageListener" />
	</bean>

	<bean id="messageListener"
		class="org.springframework.jms.listener.adapter.MessageListenerAdapter">
		<constructor-arg ref="messageHandler" />
		<property name="defaultListenerMethod" value="handleJMSMessage" />
	</bean>

	<bean id="messageHandler" class="jmsadaptor.MessageHandler" />

	<!-- JMSExporter -->

	<bean id="kundeDAO"
		class="org.springframework.jms.remoting.JmsInvokerProxyFactoryBean">
		<property name="serviceInterface" value="jmsexporter.IKundeDAO" />
		<property name="connectionFactory" ref="connectionFactory" />
		<property name="queueName" value="JMSExporter" />
	</bean>

	<bean id="jmsPojoContainer"
		class="org.springframework.jms.listener.SimpleMessageListenerContainer">
		<property name="concurrentConsumers" value="2" />
		<property name="connectionFactory" ref="connectionFactory" />
		<property name="destinationName" value="JMSExporter" />
		<property name="messageListener" ref="messageListenerKundeDAO" />
	</bean>

	<bean id="messageListenerKundeDAO"
		class="org.springframework.jms.remoting.JmsInvokerServiceExporter">
		<property name="service">
			<bean class="jmsexporter.KundeDAO" />
		</property>
		<property name="serviceInterface" value="jmsexporter.IKundeDAO" />
	</bean>

	<!-- Message Driven POJOs -->

	<bean id="jmsTemplatePojo"
		class="org.springframework.jms.core.JmsTemplate">
		<property name="connectionFactory" ref="connectionFactory" />
		<property name="defaultDestinationName" value="Pojo" />
		<property name="messageConverter">
			<bean
				class="org.springframework.jms.support.converter.SimpleMessageConverter" />
		</property>
	</bean>

	<!-- 
		<bean id="jmsContainerPojo"
		class="org.springframework.jms.listener.serversession.ServerSessionMessageListenerContainer">
		<property name="connectionFactory" ref="connectionFactory" />
		<property name="destinationName" value="Pojo" />
		<property name="exposeListenerSession" value="false" />
		<property name="serverSessionFactory">
		<bean
		class="org.springframework.jms.listener.serversession.SimpleServerSessionFactory">
		
		</bean>
		</property>
		<property name="messageListener">
		<bean class="springjmspojo.MessageDrivenPojoMessageListener" />
		</property>
		</bean>
	-->

	<bean id="jmsContainerPojo"
		class="org.springframework.jms.listener.SimpleMessageListenerContainer">
		<property name="concurrentConsumers" value="2" />
		<property name="connectionFactory" ref="connectionFactory" />
		<property name="destinationName" value="Pojo" />
		<property name="messageListener" ref="messageListenerPojo" />
	</bean>


	<!-- 	<bean id="jmsContainerPojo"
		class="org.springframework.jms.listener.DefaultMessageListenerContainer">
		<property name="concurrentConsumers" value="10" />
		<property name="connectionFactory" ref="connectionFactory" />
		<property name="destinationName" value="Pojo" />
		<property name="messageListener">
		<bean class="springjmspojo.MessageDrivenPojoMessageListener" />
		</property>
		</bean>
	-->

	<bean id="messageListenerPojo"
		class="springjmspojo.MessageDrivenPojoMessageListener" />

</beans>
