<?xml version="1.0" encoding="UTF-8"?>
<!DOCTYPE beans PUBLIC "-//SPRING//DTD BEAN//EN" "http://www.springframework.org/dtd/spring-beans-2.0.dtd">

<beans>
	<bean id="memoryMXBean"
		class="org.springframework.jmx.access.MBeanProxyFactoryBean" >
		<property name="server" ref="mbeanServer"/>
<!--		<property name="connectOnStartup" value="false"/> -->
		<property name="proxyInterface" value="java.lang.management.MemoryMXBean" />
		<property name="objectName" value="java.lang:type=Memory" />
	</bean>
	
	<bean id="mbeanServer"
		class="org.springframework.jmx.support.MBeanServerFactoryBean">
		<property name="locateExistingServerIfPossible" value="true"/>
	</bean>
	
</beans>
