<?xml version="1.0" encoding="UTF-8"?>
<!DOCTYPE beans SYSTEM "file:///Users/wolff/spring-framework/dist/spring-beans.dtd">
<beans>

	<bean id="mailSender"
		class="org.springframework.mail.javamail.JavaMailSenderImpl">
		<property name="host" value="localhost" />
	</bean>

	<bean id="mailMessage"
		class="org.springframework.mail.SimpleMailMessage">
		<property name="from" value="info@spring-buch.de" />
		<property name="subject" value="Demo" />
	</bean>

	<bean id="demoMailSender" class="springmail.DemoMailSender">
		<property name="mailSender" ref="mailSender" />
		<property name="mailMessage" ref="mailMessage" />
	</bean>

</beans>