<?xml version="1.0" encoding="UTF-8"?>
<!DOCTYPE beans PUBLIC "-//SPRING//DTD BEAN//EN" "http://www.springframework.org/dtd/spring-beans-2.0.dtd">

<beans>
	<bean id="manuell" class="springperformance.Manuell">
		<property name="name" value="manuell" />
	</bean>

	<bean id="AspectJMitInfos"
		class="springperformance.AspectJLogging">
		<property name="name" value="AspectJMitInfos" />
	</bean>

	<bean id="aspectJLoggingOhneInfos"
		class="springperformance.AspectJLoggingOhneInfos">
		<property name="name" value="AspectJLoggingOhneInfos" />
	</bean>

	<bean id="CGLIBOhneInfos"
		class="org.springframework.aop.framework.ProxyFactoryBean">
		<property name="target">
			<bean class="springperformance.NoLogging">
				<property name="name" value="CGLIBOhneInfos" />
			</bean>
		</property>
		<property name="proxyTargetClass" value="true" />
		<property name="frozen" value="true" />
		<property name="interceptorNames">
			<list>
				<value>debugInterceptor</value>
			</list>
		</property>
		<property name="optimize" value="true" />
	</bean>

	<bean id="DynamicInterceptorOhneInfos"
		class="org.springframework.aop.framework.ProxyFactoryBean">
		<property name="frozen" value="true" />
		<property name="target">
			<bean class="springperformance.NoLogging">
				<property name="name"
					value="DynamicInterceptorOhneInfos" />
			</bean>
		</property>
		<property name="interceptorNames">
			<list>
				<value>debugInterceptor</value>
			</list>
		</property>
	</bean>

	<bean id="CGLIBmitInfos"
		class="org.springframework.aop.framework.ProxyFactoryBean">
		<property name="frozen" value="true" />
		<property name="target">
			<bean class="springperformance.NoLogging">
				<property name="name" value="CGLIBmitInfos" />
			</bean>
		</property>
		<property name="proxyTargetClass" value="true" />
		<property name="interceptorNames">
			<list>
				<value>chattyDebugInterceptor</value>
			</list>
		</property>
		<property name="optimize" value="true" />
	</bean>

	<bean id="DynamicInterceptormitInfo"
		class="org.springframework.aop.framework.ProxyFactoryBean">
		<property name="frozen" value="true" />
		<property name="target">
			<bean class="springperformance.NoLogging">
				<property name="name" value="DynamicInterceptormitInfo" />
			</bean>
		</property>
		<property name="interceptorNames">
			<list>
				<value>chattyDebugInterceptor</value>
			</list>
		</property>
	</bean>

	<bean id="debugInterceptor"
		class="org.springframework.aop.interceptor.CustomizableTraceInterceptor">
		<property name="enterMessage" value="enter" />
		<property name="exitMessage" value="exit" />
	</bean>

	<bean id="chattyDebugInterceptor"
		class="org.springframework.aop.interceptor.CustomizableTraceInterceptor" />

	<bean id="performanceMain"
		class="springperformance.PerformanceMain">
		<property name="beans">
			<list>
								<ref local="CGLIBOhneInfos"/>
					<ref local="DynamicInterceptorOhneInfos"/> 
					<ref local="manuell"/> 
					<ref local="aspectJLoggingOhneInfos"/> <!--
				<ref local="CGLIBmitInfos" />
				<ref local="DynamicInterceptormitInfo" />
				<ref local="AspectJMitInfos" /> -->
			</list>
		</property>
		<property name="iterations" value="100000" />
	</bean>

</beans>
